city,city_hot_norm_scaled,city_comprehensive_threshold_scaled,avg_yearly_salary_mid_scaled,avg_experience_rank_scaled,avg_education_rank_scaled,company_count_scaled,job_type_count_scaled,industry_type_count_scaled
F047,4632.909090909112,4.384199454084079,9.372326234331169,3.0711518629824983,4.2085133838972695,2334.5,608.1333333333333,10.625
P949,4433.454545454566,3.813624760684123,7.8574291174795485,2.9734116529504178,3.457838338288507,2281.0,571.3333333333334,10.875
K115,4418.909090909111,4.177543974523312,9.02202384030971,2.860367389910539,4.051035481153266,2239.125,574.2222222222222,10.875
F379,4403.818181818202,2.8268351908225897,2.9338603684090683,1.3725190310551885,3.093608715884902,2104.625,652.7111111111111,10.875
Y232,4377.090909090929,2.9194540486260503,4.871543131852588,2.0654939451283534,2.773765765254882,2219.0,577.9111111111112,10.625
B170,4271.272727272747,3.803977039971846,6.708538846511686,2.4882295840944013,3.760564695643069,2056.25,543.2,10.5
Y633,4265.636363636383,3.4859178826401975,4.219491091295229,2.1881742024699515,3.5023039339815503,2131.75,610.9777777777778,10.625
N806,4120.545454545473,3.1832285064819925,4.844182135660164,2.0916313322427684,3.1332251359678978,2034.75,498.6222222222222,10.125
O198,4120.181818181837,3.148411700768114,2.6080029344360525,1.8708452502683346,3.2275526679936144,2050.875,522.3555555555556,10.375
S959,4007.2727272727457,2.8139243027010226,3.299762314173711,1.7806741347856685,2.8089291656944604,1871.75,494.93333333333334,10.125
R892,3990.909090909109,3.2360246426090353,3.3214952582823005,2.2536263895132795,3.1029121341393804,1862.875,527.8666666666667,10.625
V932,3979.272727272745,2.9255698090222615,2.413724573097183,1.462953595649938,3.175548778645572,1889.375,503.2888888888889,10.25
S542,3972.727272727291,3.367288213976627,4.043682651453481,2.0426536348058226,3.427899934576326,1853.125,531.6444444444444,10.125
V449,3962.5454545454727,2.956905795335757,2.892223485282576,2.234372962779471,2.717059713578735,1946.125,496.44444444444446,10.625
D022,54.72727272727298,0.6961132832912761,-0.07006923937647405,0.27148256918467445,0.7704697134869073,37.375,11.466666666666667,3.375
K445,54.00000000000024,3.178474936243849,2.267961709289395,1.6444635837668655,3.4181395904108194,34.75,11.733333333333333,2.75
D090,53.4545454545457,0.055295515472668345,0.1529619405123348,0.04297038752476924,0.004836386695388228,36.625,10.488888888888889,2.0
A802,42.54545454545474,0.06181827139121187,-0.06218859300040272,0.09566991939477132,-0.020230420276414668,5.25,8.755555555555556,0.625
P050,0.727272727272728,1.2902132931417427,0.6823397510847367,1.0488099645554916,1.1114114330781026,0.625,1.0222222222222221,0.25
Y964,0.727272727272728,1.2603280803105341,0.8269642358034481,0.950719823985554,1.1327403869286683,0.625,0.8444444444444444,1.0
F861,0.727272727272728,1.4172254476743555,2.5298112081772164,0.6564494022757413,1.5486549870146904,0.75,0.8,0.75
M120,0.727272727272728,-0.32209393910171424,-0.30936767348297245,-0.5991043970194669,-0.11500341332939758,0.75,-0.17777777777777778,0.375
P741,0.727272727272728,-0.009793465015631846,0.6657618147137413,0.46026912113586094,-0.3602863826108993,0.375,-0.5333333333333333,0.75
L122,0.727272727272728,-0.2145071729093775,-0.19575021354781666,-1.2464993247810539,0.4608783406358632,0.5,0.6666666666666666,0.125
J309,0.727272727272728,0.9450390849413357,0.0,0.24447081188200034,1.1434048638539527,0.625,0.35555555555555557,0.375
Z490,0.727272727272728,-0.014276246940313141,-1.0555574277438475,-0.48139622833553875,0.24758880213021148,0.375,-0.08888888888888889,-0.125
R858,0.727272727272728,-0.25335794958994395,-1.0105193345657308,-0.38330608776560116,-0.15766132103052904,0.625,0.26666666666666666,-0.375
O824,0.727272727272728,-1.081178345014294,-0.15548807299894954,-1.1484091842111164,-0.8401878442486157,0.125,0.4444444444444444,0.0
O238,0.727272727272728,-0.38784140733036365,-0.9635362924123849,0.00905447451414913,-0.6055693518923982,0.5,0.17777777777777778,-0.375
M935,0.727272727272728,-0.8764646371205482,-0.2656956172163348,-0.8149027062733275,-0.765536505771637,0.75,0.4888888888888889,0.0
D135,0.727272727272728,-0.16818509302101367,0.3406018917739109,-0.4421601721075679,0.002305832848709733,0.625,0.5777777777777777,1.0
H166,0.727272727272728,1.5651572511888143,1.700399034228398,1.029191936441501,1.5166615562388432,0.75,1.0222222222222221,1.75
F301,0.727272727272728,1.7459627888176026,0.7278805458462785,1.146900105125429,1.6979576639686478,0.75,0.35555555555555557,0.625
X910,0.727272727272728,-0.1965760452106571,0.022648891992329473,-0.030181581713826944,-0.30696399798448637,0.5,0.7111111111111111,0.5
O445,0.727272727272728,0.45492159450958586,-0.7561934582536766,0.18561672754003886,0.4822072944864289,0.625,-0.5777777777777777,0.125
Y253,0.727272727272728,-0.20404734841845926,-0.41292535001527647,-0.030181581713826944,-0.3176284749097678,0.0,-0.3111111111111111,0.25
K227,0.545454545454544,0.11969246549548604,-0.17479316344018314,0.0,0.12478681532837783,0.625,-0.08888888888888889,-0.125
U989,0.545454545454544,0.5020032985368111,0.9177341592321032,0.5905092074444446,0.28528897641122586,-0.125,0.5777777777777777,0.875
L867,0.545454545454544,0.23363608632348568,1.053617440841794,0.5117746464518523,-0.04641548982666083,0.5,0.5777777777777777,0.125
D575,0.545454545454544,0.22763905364833206,2.0044538653050545,0.3346218842185184,0.06058595089523976,0.625,0.8,0.875
U553,0.545454545454544,1.0342399484570766,0.156304751950662,0.9841820124074059,0.788195747804154,0.625,0.8888888888888888,0.75
E333,0.545454545454544,3.2711331362910134,5.425929799684957,2.106149506551847,3.2492288844078363,0.5,1.288888888888889,1.125
N430,0.545454545454544,-0.13518142319872595,0.058695992317351224,-0.2952546037222197,-0.04641548982666083,0.25,-0.08888888888888889,0.25
R716,0.545454545454544,2.4975159211956304,3.1002212996081813,2.0864658663036977,2.157814189044466,0.125,0.7555555555555555,1.75
F410,0.545454545454544,-0.060218514759250996,0.2804383367389265,0.9841820124074059,-0.7740252867355751,-0.375,0.6666666666666666,0.0
E180,0.545454545454544,0.8078519649698646,0.7428792223572143,0.9644983721592565,0.4778915697106458,0.625,0.6666666666666666,0.625
I227,0.545454545454544,1.6444380231544058,0.5775914010965514,0.8267128904222213,1.7619088583734357,-0.375,0.8,0.75
O910,0.545454545454544,-0.058719256590463786,0.689533809786944,-0.1771527622333339,-0.01431505761009179,-1.25,0.044444444444444446,-0.125
X990,0.545454545454544,1.1122013732341356,2.836792923742648,1.5156402991074023,0.5527925782159745,0.5,0.8,2.0
A655,0.545454545454544,0.09120656028848612,0.5719393121638858,0.11810184148889101,0.007085230534289463,0.0,0.35555555555555557,1.125
Q715,0.545454545454544,0.6369365337278652,-0.0519147648300425,0.19683640248148326,0.7346950274432038,0.25,0.13333333333333333,-0.25
Y031,0.545454545454544,0.016243651849011168,-0.2517320364795318,-0.47240736595555355,0.28528897641122586,0.375,-0.044444444444444446,0.25
I606,0.545454545454544,1.481018882756352,2.1451870708875993,0.747978329429629,1.5800064091462065,0.625,0.6222222222222222,1.625
P258,0.545454545454544,1.1256946967532395,0.8569915161187555,0.314938243970369,1.3553033836302204,0.5,1.1555555555555554,-0.5
G905,0.545454545454544,0.10469988380759486,0.03363843652234285,-0.49209100620370294,0.4243908493496955,0.25,0.26666666666666666,-0.25
K535,0.545454545454544,1.5589803075334014,0.7811580725617958,0.8857638111666642,1.6014066972905876,0.625,0.6666666666666666,1.625
Y350,0.545454545454544,-0.4140434425935762,0.2993642359166628,-0.7086110489333304,-0.1748172186929398,0.375,0.08888888888888889,-0.375
V436,0.545454545454544,1.7164024152563016,1.409538899156279,1.377854817370367,1.5051054006408777,-0.75,1.0222222222222221,0.25
L504,0.545454545454544,0.8288415793329189,-0.2978028516390699,0.4527237257074042,0.8416964681651044,0.625,-0.044444444444444446,-0.25
J719,0.545454545454544,1.45103371938056,0.8037932633072996,0.747978329429629,1.5372058328574467,0.375,0.7555555555555555,1.375
V852,0.545454545454544,0.3580745143330196,0.17659115752606638,0.07873456099259225,0.41369070527750484,0.625,0.26666666666666666,0.625
J884,0.545454545454544,0.5904595304953901,-0.19584191427595588,-0.01968364024814937,0.8095960359485325,0.125,0.5333333333333333,0.625
D346,0.545454545454544,-0.799352791972471,-0.44577631735528866,-0.6495601281888874,-0.7633251426633845,0.625,-0.6222222222222222,0.375
P772,0.545454545454544,-0.5339840960967295,-0.5763748323322591,-0.5117746464518471,-0.4744212527142575,0.25,0.13333333333333333,0.625
L518,0.545454545454544,0.13318578901459477,-0.7475851125138404,-0.2165200427296274,0.28528897641122586,0.125,0.044444444444444446,-0.5
S528,0.545454545454544,-1.010748193771792,-0.7249095249718002,-0.6692437684370316,-1.0522290326125143,-2.375,0.08888888888888889,-0.5
A861,0.3636363636363599,1.134569500141647,0.5297011992362818,0.48462707550557976,1.257278573841366,0.5,0.6222222222222222,0.625
O482,0.3636363636363599,0.27110747840786587,-0.14044630327954297,0.3068798409157593,0.14072931186546744,0.5,0.9777777777777777,0.625
N214,0.3636363636363599,0.3703905680148836,0.3163553783574594,-0.46335817564012766,0.7848923476207921,0.375,-0.5333333333333333,0.375
T182,0.3636363636363599,0.4095020881631054,-0.37673749103559234,0.2476307627191542,0.3769224249757516,0.5,-0.13333333333333333,-0.25
C906,0.3636363636363599,-1.0601884958680814,-0.767119379507503,-0.581856332033343,-1.179804911432953,0.0,-0.5777777777777777,-0.5
S213,0.3636363636363599,0.3403047832854904,-0.14736604504314588,0.32662953364795927,0.22661771663284272,0.125,0.4888888888888889,0.625
P773,0.3636363636363599,0.9284818747452582,1.036965664413558,1.5313607903122974,0.2802979696124526,0.375,0.8888888888888888,0.125
X916,0.3636363636363599,0.29216752771844495,0.23633292643243434,0.28713014818355936,0.18367351424915365,0.375,0.13333333333333333,-1.375
I652,0.3636363636363599,-0.16513640016843648,0.4200284601585887,0.010634449932723453,-0.28871271197141757,0.375,0.3111111111111111,0.5
P357,0.3636363636363599,0.9029089577252626,0.20793161488615097,-0.28561094105030715,1.4290553833761195,0.0,0.4888888888888889,1.0
K816,0.3636363636363599,0.5358623840265847,0.5102259810883346,0.22788106998694904,0.5701713357023496,0.375,0.7111111111111111,0.5
G887,0.3636363636363599,0.6607183906535934,0.40925843406737655,-0.009115242799476498,0.9029889041759356,0.5,0.13333333333333333,0.125
L726,0.3636363636363599,0.26809889993492464,-0.6612905553871486,0.16863199179034397,0.22661771663284272,0.5,0.26666666666666666,-0.125
P939,0.3636363636363599,-0.5005928999012457,0.14453292984637547,-0.5423569465689378,-0.4068092685265611,0.5,0.0,-0.75
Z087,0.3636363636363599,0.7600014802606112,0.2645909271476671,0.10938291359373889,0.9674052077514691,-0.25,0.7111111111111111,-0.125
E478,0.3636363636363599,0.4651607899124943,0.7727077298736664,0.58337553916659,0.23735376722876642,0.25,0.8,0.625
A561,0.3636363636363599,0.6938127538559374,0.6475307854939156,0.22788106998694904,0.7956283982167157,0.25,0.5777777777777777,-0.375
L847,0.3636363636363599,1.020243518169923,2.556511830307752,1.0573681647394464,0.7204760440452613,0.5,0.4,-0.5
W823,0.3636363636363599,0.2650903214619882,-0.6637416048733905,0.4253779973089747,0.0548409070980893,-0.75,0.4444444444444444,0.375
P248,0.3636363636363599,0.3448176509948927,-0.5172692500329109,0.38587861184456956,0.19440956484507735,0.375,0.2222222222222222,-0.125
I529,0.3636363636363599,1.0563464598452035,1.6802228437210014,0.7413730810242105,0.97814125834739,0.5,0.7111111111111111,0.75
G496,0.3636363636363599,1.1059880046487147,2.0929421137262803,1.1956160138648617,0.7526841958330267,0.375,1.0222222222222221,1.125
V838,0.3636363636363599,2.0085615465307125,3.3601792837052202,0.8006221592208156,2.29867548164581,0.375,1.1555555555555554,2.0
I057,0.3636363636363599,0.9329947424546653,1.7592898901056764,0.4056283045767695,1.021085460731079,0.5,0.7111111111111111,0.625
Z824,0.3636363636363599,0.5313495163171776,1.129084129513067,1.0573681647394464,0.02263275531032392,0.5,0.35555555555555557,0.375
U947,0.3636363636363599,-0.4133441241859833,0.8625419071812497,-0.08811401372828676,-0.5785860780613145,0.25,0.4444444444444444,-0.375
Z885,0.3636363636363599,0.14926005025379363,0.2536228715444547,-0.3053606337825123,0.36618637437983076,0.5,0.35555555555555557,0.625
M066,0.3636363636363599,-0.959401117024593,0.5288245422738029,-1.1348477285350043,-0.6752105334246135,0.125,-1.3777777777777778,-0.875
V339,0.3636363636363599,-0.11098198765551336,-0.06224288559997692,-0.2658612483181072,-0.03104749766928599,0.5,-0.7555555555555555,-0.25
N386,0.3636363636363599,0.8246859174288239,1.1493381479348137,0.2673804554513542,0.9566691571555455,0.5,0.5777777777777777,0.875
H879,0.3636363636363599,0.18536299192907413,0.13238914639487395,0.06988352812933377,0.17293746365323281,0.5,-0.4444444444444444,-0.25
Z182,0.3636363636363599,-0.422369859604807,-0.07611942728147687,-0.009115242799476498,-0.6430023816368481,0.375,0.0,-0.625
T526,0.3636363636363599,-1.1775230563127417,-0.9093662362081638,-0.7398538738909636,-1.2442212150084837,0.25,0.0,-0.625
U289,0.3636363636363599,-0.020724633467309735,-0.2968102901477734,-0.06836432099608158,-0.03104749766928599,0.5,0.4444444444444444,-0.625
M857,0.3636363636363599,-1.6258012487807996,-0.848230414714865,-1.292845270392625,-1.5233585305024597,-0.125,0.13333333333333333,0.375
K571,0.3636363636363599,-0.22831654810017377,-0.5620343423507388,-1.016349572141794,0.2910340202083763,0.5,0.26666666666666666,-0.5
H187,0.3636363636363599,0.5358623840265847,-0.36230970930899437,-0.2658612483181072,0.8922528535800147,0.375,-0.4,-0.5
Y528,0.3636363636363599,0.8156601820100049,1.2515772528749278,0.34637922638016444,0.8922528535800147,0.5,0.7555555555555555,0.75
S503,0.3636363636363599,-0.2553937543566353,-0.388858402657493,-0.7793532593553635,0.09778510948177836,0.5,0.08888888888888889,1.125
V726,0.3636363636363599,-0.5983717002717929,-0.6684592816249039,-0.4436084829079277,-0.6107942298490798,0.5,0.4,-0.125
V365,0.3636363636363599,0.03794264675501569,-0.9581903544883235,-0.581856332033343,0.3876584755716753,0.125,-0.5777777777777777,-0.25
G129,0.3636363636363599,1.637002105122623,-0.08992503733952528,1.2548650920614668,1.4719995857598085,0.5,-0.08888888888888889,1.25
Q095,0.3636363636363599,0.6772655722547655,0.9643953757032588,0.4056283045767695,0.6560597404697277,0.5,0.0,0.25
U038,0.3636363636363599,1.1481081032698777,1.367234883870833,1.0573681647394464,0.9029889041759356,0.25,0.6666666666666666,0.5
Y255,0.3636363636363599,0.2876546600090379,0.2731452809357585,0.22788106998694904,0.21588166603692188,0.0,0.8,0.0
L599,0.3636363636363599,1.0337821212981537,0.6472311355744419,0.6426246173631951,1.0103494101351582,0.5,0.7555555555555555,0.25
Z196,0.3636363636363599,0.6637269691265346,1.2958168721455623,0.7216233882920053,0.43060267795536433,0.5,0.4444444444444444,0.25
A155,0.3636363636363599,0.8156601820100049,0.6149016596731696,0.44512769004117464,0.8278365500044811,0.5,-0.13333333333333333,0.375
T061,0.3636363636363599,0.7991130004088329,1.757768189645047,0.7216233882920053,0.6238515886819623,0.25,0.9333333333333333,0.5
E551,0.3636363636363599,1.623463501994397,3.119772903721738,1.0771178574716462,1.5686240411231076,0.25,0.8,0.25
N821,0.3636363636363599,1.1586381279251672,1.9593555739736412,0.8993706228818258,1.021085460731079,0.375,0.9333333333333333,0.5
A050,0.3636363636363599,-0.31706961305190196,-0.04012611589137935,-0.4041090974435226,-0.23503245899180764,0.375,-0.2222222222222222,-0.25
H610,0.3636363636363599,6.550010751433639,23.02795912879284,4.335817158285019,6.474999163459508,-4.875,0.8888888888888888,-0.375
D672,0.3636363636363599,1.3707429102674336,-0.09104691505735993,0.919120315614031,1.310958826820976,0.5,0.7111111111111111,0.5
B826,0.3636363636363599,0.09510563774087527,-0.6765651738426927,0.06988352812933377,0.04410485650216845,0.125,0.0,0.25
L088,0.1818181818181759,0.7133381242484997,0.4287668871877686,0.16005384242181145,0.8677442936337673,0.375,0.044444444444444446,0.25
R141,0.1818181818181759,0.08695613813993172,-0.3094101201206128,-0.9298366083552762,0.6846169120885105,0.375,-0.5777777777777777,-0.5
E727,0.1818181818181759,-1.7091753400990957,1.613433603685008,-1.1279985084965654,-1.7499000425719682,0.375,-1.6888888888888889,-0.75
P713,0.1818181818181759,-0.14699376028616012,-0.7072064595593763,0.16005384242181145,-0.3602863826108993,0.25,-0.17777777777777778,0.0
J351,0.1818181818181759,0.03563809590452794,-0.6122941278022974,-0.5136966180585685,0.33990654682684873,0.375,0.08888888888888889,-0.5
V079,0.1818181818181759,-0.24812049057356714,-0.3695665802617536,0.021340512322910635,-0.41414737718303246,0.25,-0.13333333333333333,-0.75
N377,0.1818181818181759,-0.8911053726994697,-1.2746470086599913,-0.5929613781150862,-0.9312129250755238,0.375,0.4444444444444444,0.625
N164,0.1818181818181759,-0.32660690811006143,-0.48244000978316504,-0.6127775681292157,-0.11252580757907943,-1.5,-0.26666666666666666,0.25
H442,0.1818181818181759,-0.05945121764930076,-0.42977532889711395,0.21950241246419977,-0.27410879129548454,0.25,0.13333333333333333,-0.125
D762,0.1818181818181759,-0.06850734274966584,0.16888726108511942,0.3978481225913595,-0.40337517826860525,0.375,0.4444444444444444,0.0
D906,0.1818181818181759,-0.10775055151790822,0.0338464149310666,-0.018291867705348238,-0.187931199980067,-0.125,0.26666666666666666,-1.25
P193,0.1818181818181759,0.14582095129230482,0.1415072625620823,0.6356424027609022,-0.2525643934666302,-1.75,0.7555555555555555,0.25
T815,0.1818181818181759,-0.8865773101492871,-0.4958505560922455,-0.13718900779011964,-1.2220622957650495,-1.875,-0.044444444444444446,-1.125
R885,0.1818181818181759,-0.08963830131718281,0.3168157686060582,0.12042146239355259,-0.2525643934666302,0.0,-0.7111111111111111,-1.5
X536,0.1818181818181759,-0.23755501128980627,-0.32074074632630245,-0.7316747082139871,0.09214597179503166,0.0,-0.8,-0.125
E498,0.1818181818181759,-0.41716815911371236,0.49521103875877953,-0.6127775681292157,-0.24179219455220297,-0.375,-0.4444444444444444,0.125
Z789,0.1818181818181759,-0.4503739511483812,-0.4521446372157682,-0.7514908982281164,-0.19870339889449418,0.375,-0.4888888888888889,0.625
I282,0.1818181818181759,-0.8533715181146182,-0.14189376168185244,-0.19663757783250793,-1.135884704449635,0.0,-0.2222222222222222,-0.625
U125,0.1818181818181759,-0.021717363064444613,-0.3424884025470167,-0.5731451881009568,0.2968177511691428,0.375,-0.044444444444444446,-0.625
U692,0.1818181818181759,-0.4654674929823198,0.03942821168897816,-0.15700519780424907,-0.6080469576427163,0.375,0.044444444444444446,-0.75
Q163,0.1818181818181759,-0.09114765550057859,-0.06568124791577025,0.19968622245007034,-0.30642538803876335,-0.875,0.13333333333333333,-1.0
D475,0.1818181818181759,0.014507137337015759,-0.13826406870812952,0.4969290726620014,-0.34951418369647214,0.25,0.4,1.375
X232,0.1818181818181759,0.03865680427131949,0.6745178716607252,0.5167452626761309,-0.3279697858676177,-0.125,0.8,0.75
E027,0.1818181818181759,0.10657774252405768,-0.07561373788436186,-0.1768213878183785,0.2214123587681552,0.25,0.13333333333333333,-0.625
I784,0.1818181818181759,0.6046646230441234,0.5298942874660812,0.21950241246419977,0.6738447131740833,0.375,0.26666666666666666,0.125
X066,0.1818181818181759,0.16846126404321757,0.36073519883393046,0.7347233528315494,-0.2848809902099089,0.375,0.17777777777777778,0.75
G282,0.1818181818181759,-0.21189599017210678,-0.20678523546618632,-0.2957185279031551,-0.15561460323678822,0.0,-0.4,0.0
S295,0.1818181818181759,2.0294949721681914,0.048285011134825154,1.3886576232977998,1.9449641850764559,-0.125,0.8444444444444444,1.5
B748,0.1818181818181759,-0.43678976349783355,-0.883447443750263,-0.07774043774773655,-0.6188191565571436,-0.25,-0.08888888888888889,-0.625
A717,0.1818181818181759,-0.41867751329710334,-0.2587077102259581,-0.33535090793140876,-0.4249195760974597,-0.125,0.13333333333333333,0.25
Y034,0.1818181818181759,-0.5016919933837802,-0.016317132981494755,-0.33535090793140876,-0.543413764156156,0.375,-0.5333333333333333,0.25
T766,0.1818181818181759,-0.331134970660244,-0.2715881093019812,-0.2759023378890257,-0.3387419847820449,0.25,0.7111111111111111,0.125
N476,0.1818181818181759,-0.3386817415772133,-0.3718774412146126,-0.5731451881009568,-0.15561460323678822,0.375,0.4444444444444444,2.25
G380,0.1818181818181759,-0.70545480814199,-0.23571878325080461,-0.8307556582846343,-0.5110971674128744,0.125,0.044444444444444446,-0.375
P543,0.1818181818181759,-0.31755078300969636,0.48851869248197827,-0.39479947797379705,-0.24179219455220297,0.375,0.08888888888888889,-1.25
D490,0.1818181818181759,0.03714745008792849,-0.7163366116333365,-0.2957185279031551,0.19986796093930081,0.25,0.0,0.125
M108,0.1818181818181759,-0.011151883780688522,-0.21817831737330332,-0.7316747082139871,0.4153119392278391,0.25,-0.13333333333333333,-0.625
F659,0.1818181818181759,-0.7084735165087768,-0.1714396658321071,-0.07774043774773655,-1.0066183174765113,0.125,-0.5333333333333333,0.0
V829,0.1818181818181759,-0.12737215590203896,-0.4492382684120783,0.4176643126054837,-0.5003249684984472,0.25,0.0,0.125
K132,0.1818181818181759,0.639379769262188,0.5498452529270925,0.27895098250658285,0.6846169120885105,0.375,0.4,-0.875
C070,0.1818181818181759,-0.16661536467028132,2.1613722873916283,-0.49388042804444426,0.038284977222895665,-0.125,-0.3111111111111111,-0.5
D881,0.0,-0.38770005835075483,-0.8379230580367892,-0.30589440926175776,-0.39991788469809836,0.25,-0.2222222222222222,-0.5
R775,0.0,-0.5603477405850757,-1.0833724925652688,-0.5842583216899604,-0.46476943356806,0.0,-0.4444444444444444,-0.375
P623,0.0,0.3528676312333047,-0.1844224641906993,0.5689636012268754,0.08646873182661641,0.25,-0.044444444444444446,0.625
O641,0.0,0.33923755105690867,0.5612145017620986,-0.107063043241616,0.5080037994813696,-0.25,0.044444444444444446,-0.125
D821,0.0,0.5724633674085325,0.8625049214061646,-0.1269461798436286,0.8538787267878324,0.125,0.4444444444444444,1.125
P851,0.0,0.29228949711599705,0.24948410130109727,0.8672106502570907,-0.19455464660988478,-0.125,-0.17777777777777778,-0.375
Y359,0.0,0.09389610788182333,-0.49790520047925735,-0.2462449994557147,0.2485976040015204,0.25,0.2222222222222222,0.625
I730,0.0,1.6401529812260391,2.20875557519996,1.4637047483175263,1.340265343312547,0.25,0.4444444444444444,0.5
B729,0.0,0.278659416939601,0.007052869948657005,0.39001537180874624,0.09727732330494523,0.25,-0.6666666666666666,-0.375
O344,0.0,-0.8072036371130956,0.6978235365821678,-0.8427390975161504,-0.6485154886996187,0.125,0.08888888888888889,0.375
D051,0.0,-0.1181273615287464,-0.1911240119863045,-0.04741363343557295,-0.18374605513155878,-1.25,0.4444444444444444,0.375
R251,0.0,-0.7647989432309779,-0.7283737959310712,-1.0813367367403226,-0.4323436591330792,0.125,0.5333333333333333,0.375
S124,0.0,-0.1771910422931196,-0.9398424307616121,-0.1269461798436286,-0.2161718295665396,0.125,-0.8,-1.125
M907,0.0,-0.5436887537028156,-0.6058012275859902,-0.16671245304765905,-0.7133670375695803,0.25,-0.5333333333333333,-0.625
Y531,0.0,0.17416213558725063,-0.06708037928299454,-0.08717990663960339,0.2594061954798492,0.25,-0.4444444444444444,0.125
F469,0.0,0.6042668878201185,-0.2750259796578345,0.19118400578859926,0.6917498546129284,0.25,-0.044444444444444446,-0.75
M060,0.0,0.5149141399970938,-0.05248778227590649,0.21106714239061708,0.5512381653946764,0.25,0.6222222222222222,0.75
B873,0.0,-0.05754922741144349,-0.48035415226629885,-0.14682931644564642,-0.0324257744349808,0.125,-0.26666666666666666,0.0
G575,0.0,-1.0570884403469796,-1.2452653549570913,-1.0415704635362921,-0.8754959097444843,0.25,-0.4444444444444444,0.0
Z731,0.0,0.7844868368191023,-0.15645038090744445,0.7677949672470223,0.5728553483513312,0.0,0.4444444444444444,-0.5
Y532,0.0,-1.467505298991723,-0.26940463089365463,-0.5643751850879478,-1.7726090024456236,-0.25,0.7111111111111111,-0.5
S500,0.0,0.6542438484668943,2.1689797088148164,1.1455745626852933,0.14051168921825202,0.25,0.7111111111111111,1.5
P548,0.0,-0.6300125948199761,0.03518147424644883,0.09176832277853099,-1.0051990074844075,0.0,0.044444444444444446,0.25
Y434,0.0,0.2559426166456124,-0.37248435773183475,0.7876781038490349,-0.19455464660988478,0.125,0.17777777777777778,0.25
L086,0.0,0.5194575000558925,-0.08973220543710934,-0.027530496833555112,0.7133670375695832,-1.25,0.35555555555555557,-0.375
B574,0.0,-0.25745706999855167,-0.07520810459094676,-0.28601127265974513,-0.22698042104486557,0.25,0.08888888888888889,-0.375
C815,0.0,-0.5482321137616142,-0.4501662910454046,-0.1269461798436286,-0.7457928120045612,0.25,0.044444444444444446,-0.375
L802,0.0,-0.2786594169396058,-0.36387861666253923,-0.26612813605773256,-0.27021478695817236,0.25,-0.7555555555555555,-0.5
R988,0.0,-1.0555739869940453,-0.04428194219719877,-0.7234402779040643,-1.0808591478326979,0.25,-0.6666666666666666,-1.375
W055,0.0,-0.56337664729094,-0.36055145207977896,0.07188518617651316,-0.8971130927011391,0.125,0.3111111111111111,-0.125
Y495,0.0,1.703760022049211,0.280639652965685,0.8075612404510476,1.85907773427224,0.125,0.7111111111111111,1.25
B455,0.0,-0.3967867784683474,-0.8736357904505193,-0.6240245948939909,-0.20536323808821078,-1.75,-0.7111111111111111,-1.0
F958,0.0,-0.01665898688226021,-0.4207216860387935,0.19118400578859926,-0.19455464660988478,0.0,0.2222222222222222,0.25
F554,0.0,-0.3392375510569135,0.5102999937185947,-0.26612813605773256,-0.35668351878478877,0.25,0.0,-0.5
V404,0.0,0.28926059041013286,-0.18468828758968978,-0.16671245304765905,0.4755780250463888,0.125,-0.044444444444444446,1.125
E057,0.0,0.08026602770543208,-0.2872969940191327,0.27071655219666013,-0.10808591478326837,0.0,0.3111111111111111,0.0
U192,0.0,0.9480477989358306,0.5771822685021225,1.1256914260832807,0.5728553483513312,0.125,0.3111111111111111,-0.125
M247,0.0,0.09995392129355171,0.7843502188457054,0.5291973280228449,-0.2485976040015204,0.125,0.5333333333333333,-0.125
C144,0.0,-0.6769606487608877,-0.2837293641905753,-0.4251932288738491,-0.7349842205262351,0.25,-0.5777777777777777,-0.875
E416,0.0,0.018173440235189915,0.43603295836837314,0.05200204957450054,-0.054042957391632764,0.25,-0.4444444444444444,0.125
B474,0.0,0.037861333823314317,-0.34548375404160125,0.4098985084107588,-0.2594061954798464,-0.375,-0.13333333333333333,0.375
B674,0.0,-0.23019690964576442,0.5667554039713214,-0.1269461798436286,-0.2918319699148272,0.25,-0.35555555555555557,-0.25
A845,0.0,-0.4073879519388792,-0.43753530749797365,-0.7632065511080895,-0.1297030977399232,-0.625,-0.4,-0.125
R635,0.0,0.02877461370571697,-0.4761788011801806,-0.007647360231542506,0.0,0.0,-0.5777777777777777,0.125
W396,0.0,-0.56337664729094,0.14680106925022662,-0.7234402779040643,-0.3783007017414436,-0.375,0.35555555555555557,0.625
K294,0.0,-0.054520320705574526,0.2068928969654609,-0.30589440926175776,0.07566014034829043,0.0,-0.2222222222222222,-0.625
O576,0.0,-0.05603477405850901,-0.10937020051056513,0.27071655219666013,-0.30264056139315315,-1.375,-0.17777777777777778,0.0
Q821,0.0,-0.6133536079377158,-0.8545355631085753,-0.8825053707201809,-0.3458749273064628,-0.625,-0.13333333333333333,0.25
S764,0.0,-0.08783829447009017,-0.9969463684954288,-0.3456606824657882,0.05404295739163561,0.125,0.35555555555555557,-0.625
W657,0.0,-0.252913709939753,-0.04800346978306682,-0.1269461798436286,-0.324257744349808,0.0,0.08888888888888889,0.625
V042,0.0,-0.30289067058652885,-0.8403830903695529,-0.18659558964967166,-0.35668351878478877,0.0,-0.9777777777777777,0.125
L161,0.0,-0.027260160352787263,-0.06395287372250222,-0.04741363343557295,-0.054042957391632764,0.25,-0.08888888888888889,1.125
K909,0.0,0.0,0.4211835736260764,0.012235776370470101,-0.054042957391632764,-0.25,0.044444444444444446,0.75
E956,-0.18181818181818404,-0.03739929720716748,-0.014979734113954524,0.023019850459701355,-0.11446115179082442,0.125,0.0,0.5
S732,-0.18181818181818404,2.308843174557859,1.8206980841259592,1.99812301990184,1.9461326947892053,0.0,0.4444444444444444,1.25
I426,-0.18181818181818404,-0.704498031083364,-0.4099323229288281,-0.6552984097527531,-0.6241869980500954,0.0,0.3111111111111111,-0.125
N737,-0.18181818181818404,-0.3519538254813664,-0.07663491445155168,0.1826241469802758,-0.6675679211359901,-0.25,0.26666666666666666,-0.25
S655,-0.18181818181818404,1.4122867896217435,0.5655680643960507,0.6015854253467903,1.5773948485590958,0.125,0.7111111111111111,0.5
P353,-0.18181818181818404,-0.12249617442144262,-0.41731638000808496,-0.49569411323217344,0.10244346363865209,0.125,-0.4,-0.5
T818,-0.18181818181818404,0.2589201859496857,-0.06467384163677532,-0.17648552019101932,0.4386456175543412,0.125,-0.044444444444444446,-0.25
G691,-0.18181818181818404,-0.0936240196523167,-0.7788441781276891,-0.21638659432116553,-0.038544536390506506,0.0,-0.13333333333333333,0.5
S546,-0.18181818181818404,-1.1117473720373987,-0.973509190505881,-0.9146553915986879,-1.0363057673661025,-1.375,-0.08888888888888889,-0.625
W805,-0.18181818181818404,-0.3838651544367213,0.3030585180693481,-0.23633713138623866,-0.4398180749350392,0.0,-0.2222222222222222,0.75
C354,-0.18181818181818404,0.07505014768312618,-0.9722121256632598,-0.5954467985575338,0.44949084832581565,0.0,-1.1555555555555554,-0.125
I485,-0.18181818181818404,0.6555324172519307,0.15786124834628992,0.6414864994769365,0.47118130986876444,0.0,0.4444444444444444,0.0
V883,-0.18181818181818404,0.3941634372366567,-0.11400120297861675,0.10282199871998858,0.44949084832581565,-0.125,0.13333333333333333,0.0
B470,-0.18181818181818404,0.45038815968180596,1.299607913478364,0.8409918701276571,0.04821730978128296,-0.25,0.8,1.5
O776,-0.18181818181818404,-0.6102836313104161,0.18404002358704255,-0.21638659432116553,-0.7760202288507283,0.0,0.08888888888888889,1.125
X673,-0.18181818181818404,-0.7956732566700877,0.532108178372457,-0.6552984097527531,-0.7543297673077825,0.125,0.4444444444444444,-0.125
R494,-0.18181818181818404,-0.4294527672300808,-0.23480838936114234,-0.23633713138623866,-0.5048894595638828,0.125,0.35555555555555557,-1.0
R105,-0.18181818181818404,0.418476830726451,-0.6608302874186428,-0.6752489468178262,0.9917523868995097,0.125,0.35555555555555557,-0.375
J532,-0.18181818181818404,-0.46440327037165524,-0.531932458013281,0.2025746840453489,-0.8410916134795718,-0.375,-1.0666666666666667,-0.875
L977,-0.18181818181818404,-0.3382775416433571,-0.7753580421808913,-0.5355951873623197,-0.17953253641966793,-0.25,-0.8,-0.25
V625,-0.18181818181818404,-0.0601931036038496,-0.36019639347308796,-0.47574357616710555,0.17836007903897,0.125,-0.4,-0.75
G904,-0.18181818181818404,-0.7333701858524947,0.18281314940106774,-0.4358425020369593,-0.8085559211651515,0.0,-1.3777777777777778,-0.75
K845,-0.18181818181818404,0.8394024555184949,0.38164426971232507,0.262426295240563,0.9809071561280354,0.125,0.5333333333333333,0.125
O621,-0.18181818181818404,0.31514490839483494,0.10310580955708536,0.5616843512166493,0.037372079009808566,-0.125,0.17777777777777778,1.0
I345,-0.18181818181818404,0.13127487012827063,-0.5997819637999714,0.24247575817549513,-0.01685407484756056,-0.75,0.044444444444444446,0.5
Y770,-0.18181818181818404,0.24068514083234002,-0.11602064666256301,0.08287146165491546,0.2434314636678135,0.125,-0.8,0.125
E072,-0.3636363636363681,-0.6681830007561347,-0.1302464106684914,-0.44656421923519757,-0.7085142005793119,-0.875,-0.08888888888888889,0.125
S750,-0.3636363636363681,-1.070718520523371,-0.4876697484652017,-0.8269137438941377,-1.034977779924698,0.0,-0.4888888888888889,0.25
N914,-0.3636363636363681,-0.5202816923568092,-0.4686758195510231,-0.7068033676860517,-0.32764002467635955,-0.25,-0.4,-0.25
H696,-0.3636363636363681,0.16280888664214074,-0.334350812961114,-0.1462882787149798,0.2817586567683624,-0.25,-0.13333333333333333,-0.5
N273,-0.3636363636363681,0.06522451821371318,0.679635937058679,0.07391407766651571,-0.0011764453309734836,0.0,-1.0666666666666667,0.25
I219,-0.3636363636363681,-0.0003399793241268818,-0.17701006523966295,0.21404284990928368,-0.18617247362669304,0.0,-0.4444444444444444,-1.0
J722,-0.3636363636363681,-0.23057809858493308,-1.0972919653369964,-0.3064354469924244,-0.17529035431517978,-0.75,0.3111111111111111,-0.625
I705,-0.3636363636363681,-0.4531924390622706,-0.3737443242386642,-0.2263618628537021,-0.545282410906616,-0.125,-0.3111111111111111,-1.875
D767,-0.3636363636363681,-0.19703347193766618,-0.1856538068567679,0.13396926577056137,-0.4146969791684627,-0.125,0.08888888888888889,0.125
G022,-0.3636363636363681,-0.15738982226361958,-0.364239289746114,0.15398766180524326,-0.3711685019224126,-0.25,-0.5333333333333333,-0.5
Q598,-0.3636363636363681,0.039303670349919724,0.1128201228243721,-0.5666745954432837,0.37969773057197886,-0.125,-0.7111111111111111,0.375
J232,-0.3636363636363681,-0.9273914793941314,-0.2877192135156493,-0.5466561994086018,-1.0132135413016714,-0.125,0.13333333333333333,0.0
Q828,-0.3636363636363681,-0.741371277077453,-0.0889571746974592,-0.8068953478594558,-0.5779287688411557,0.0,0.044444444444444446,0.0
G065,-0.3636363636363681,-0.20618200647782858,-0.6276173688518768,-0.3865090311311519,-0.08823339982307662,-0.125,0.17777777777777778,0.0
O525,-0.3636363636363681,1.1478011054665118,2.7635576723902697,0.6744659587069514,1.152328201689391,0.0,0.7111111111111111,1.125
Z581,-0.3636363636363681,-0.22905334282823933,-0.07216563182423676,-0.3865090311311519,-0.12087975775761638,-0.125,0.3111111111111111,1.125
W029,-0.3636363636363681,-0.3845784300110383,-0.8104315503221933,-0.6267297835473241,-0.18617247362669304,-0.375,-0.6666666666666666,0.0
R761,-0.3636363636363681,0.42201736528012784,-0.6728315766147532,0.05389568163183383,0.5211652816216454,0.0,-0.7111111111111111,0.0
B383,-0.3636363636363681,-0.1192709283462667,0.5843754777553931,0.05389568163183383,-0.2514651894957697,-0.125,-0.4888888888888889,-0.875
Z450,-0.3636363636363681,0.040828426106613455,0.17979994986209774,-0.34647223906178815,0.23823017952230946,0.0,0.17777777777777778,0.0
U072,-0.5454545454545521,-0.2690196370651347,0.7217735388250829,0.30593616959067166,-0.6296281206555777,-1.125,-0.2222222222222222,-0.25
J130,-0.5454545454545521,-0.6560994414829485,-0.3201365534696053,-0.25649194016187654,-0.8152555347133988,-0.125,0.2222222222222222,0.0
G378,-0.5454545454545521,-0.6821087564043063,0.297465739124544,-0.29666537657277064,-0.8261747943638597,-0.25,-0.4888888888888889,-0.5
S668,-0.5454545454545521,-0.6469196832754107,-0.204576456049738,-0.8390067681198692,-0.42216218729683774,-0.5,-0.4444444444444444,-0.125
H574,-0.5454545454545521,-0.35469738033548576,-0.4072341050513904,-0.417185685805458,-0.28021181184085747,-0.125,-0.26666666666666666,0.125
J565,-0.5454545454545521,0.254226580764476,-0.6149679050105404,-0.6582263042708328,0.7461985953023844,-0.125,-0.6222222222222222,-0.25
S198,-0.5454545454545521,0.6413063851822851,0.6146361006075055,0.808104124726871,0.3421859882353625,-0.25,0.044444444444444446,0.25
J037,-0.5454545454545521,-0.9896306563567959,0.3823857783024361,-0.8189200499144196,-0.9244481312179993,-0.625,-0.5333333333333333,-0.375
B623,-0.5454545454545521,-0.1925216520023262,0.3708872171973651,-0.5979661496544891,0.06920449697386281,-2.0,-0.7111111111111111,0.25
J674,-0.5454545454545521,0.18843831361046082,0.1781928284659098,-0.01545132169649651,0.23299339173076206,-0.125,-0.26666666666666666,-0.875
L015,-0.5454545454545521,-0.7922658548947502,0.1522687997926607,-0.7385731770926262,-0.6951436785583403,-0.25,-1.6444444444444444,-0.5
M697,-0.5454545454545521,-0.1818119340935329,-0.28295541875162405,0.0448088329198472,-0.33480811009315914,-0.125,0.35555555555555557,0.875
Q985,-0.5454545454545521,0.5862278359370632,0.15280058984018377,0.5871502244669458,0.4077015461381222,-0.125,0.6666666666666666,-0.25
K389,-0.5454545454545521,0.534209206094357,-0.15186887757991857,0.004635396508947907,0.7134408163510045,-1.875,0.4,-0.25
B055,-0.5454545454545521,0.3001253718021602,-0.1814706790624457,-0.15605834913463357,0.4841363636913428,-0.125,-0.7111111111111111,-0.25
S808,-0.5454545454545521,0.6107071911571655,-0.16037722388288964,0.30593616959067166,0.626086739147323,-0.125,0.2222222222222222,0.375
T739,-0.5454545454545521,-0.4648544788259296,-0.5807239827643403,0.14524242394708498,-0.8043362750629407,-0.5,-0.08888888888888889,-2.125
N780,-0.7272727272727362,0.16051130947451814,-0.7220121615817962,-0.48838347122545184,0.501637094911943,-0.375,-0.7111111111111111,-0.5
K628,-0.7272727272727362,0.4138191922047547,0.15535139051692032,0.720947028951862,0.07432757427561947,-0.375,-0.35555555555555557,-1.5
Z463,-0.7272727272727362,-0.3998364311105576,-1.382880530703495,-0.2868283878625662,-0.4296785269877373,-0.25,0.0,-0.25
M101,-0.7272727272727362,-0.34456925669668886,-0.4667104995953252,-0.3674504212077236,-0.2981986744842538,-0.375,-0.4444444444444444,-1.0
V754,-0.7272727272727362,-0.2985132780184649,-0.4623952214932001,-0.3674504212077236,-0.23245874823251061,-1.375,-0.8444444444444444,-0.125
B736,-0.7272727272727362,-0.5963419401376497,-0.3817832855395749,-0.5488499962343212,-0.5392450707406407,-1.125,0.044444444444444446,0.25
H913,-0.7272727272727362,-0.3691324453250718,-0.12237760350253765,-0.48838347122545184,-0.25437205698309073,-0.25,0.08888888888888889,-0.125
A685,-0.7272727272727362,-1.3885047734031257,-0.21028015822849647,-1.072893212977826,-1.3281241857615473,-0.25,-0.3111111111111111,-0.5
U561,-0.7272727272727362,-0.7667490612470832,-0.37092491715524917,-0.26667287952627816,-0.9665545913769642,-0.5,-0.35555555555555557,0.0
B608,-0.7272727272727362,-0.08051497894152698,0.5161860518958202,0.47908092891640025,-0.4735051444888975,-0.25,-0.2222222222222222,0.0
G328,-0.7272727272727362,-0.6086235344518459,-0.7701066082146857,-0.5085389795617451,-0.5830716882418038,-0.25,0.044444444444444446,0.125
X798,-0.7272727272727362,0.18353929881363013,0.44863163632337927,0.01550423718175963,0.20580742677910296,-0.375,-0.8888888888888888,0.875
J470,-0.7272727272727362,0.17893370094580774,-0.018276135942003002,-0.6496275379157614,0.6331169474154293,-2.375,-0.5333333333333333,0.125
C675,-0.9090909090909121,-0.6948426478010132,-0.37949594969134315,-0.29714856223406944,-0.8440358513866042,-0.375,0.08888888888888889,0.25
S413,-0.9090909090909121,0.5359967878758924,-0.47971754913697834,-0.41849718974327055,0.9920132687393723,-1.625,-0.6222222222222222,0.5
R083,-0.9090909090909121,-0.04630271986612076,-0.5609845155224505,-0.7825430722708739,0.3983207388782771,-0.375,-0.8444444444444444,-0.625
Q531,-0.9090909090909121,-0.055545569195359065,0.4039400795359888,-0.398272418491737,0.1344573922733472,-0.5,0.2222222222222222,-0.125
Y784,-0.9090909090909121,-0.32512867463148104,-0.7243930676941254,-0.4993962747494046,-0.1843774848742765,-0.375,-0.6666666666666666,-0.875
C326,-0.9090909090909121,-0.012412272325585089,-0.07335010428281206,0.26914503280886914,-0.2393490154169731,-0.375,0.13333333333333333,-0.375
L623,-0.9090909090909121,-0.8843210590503985,-0.3855595822282026,-1.0656898697923485,-0.6131554231072905,-0.375,-0.5333333333333333,-0.375
W665,-0.9090909090909121,0.1139066685073384,0.37245822832699493,-0.19602470597640181,0.24440045335873467,-0.75,-1.1555555555555554,-1.375
R230,-0.9090909090909121,-0.07249079296563407,-0.13054576587327274,0.2893698040604027,-0.3382977703938218,-0.5,0.3111111111111111,0.125
O323,-0.9090909090909121,-0.24040255578012515,-0.5700909341303925,-0.398272418491737,-0.12940595433158275,-0.625,-0.3111111111111111,0.0
D460,-1.0909090909090962,0.5198961693029486,1.009877371593212,0.6665966581967664,0.2611952037245375,-0.625,-1.1555555555555554,-1.5
D832,-1.0909090909090962,-0.25918041346912735,-0.4547951399860487,-0.3278344220639849,-0.20215793164981125,-0.5,0.26666666666666666,1.0
W405,-1.0909090909090962,-1.1402789296994507,0.13088631843825121,-0.3278344220639849,-1.4598307276658988,-0.5,-0.4444444444444444,-0.5
A295,-1.0909090909090962,-0.12933431634044726,-0.5595904509185445,-0.6525466115368782,0.19500189867105827,-0.625,-0.35555555555555557,0.125
Z347,-1.0909090909090962,0.5724529229026528,0.5426555599295552,0.34188446872386785,0.5480328589562768,-0.5,-0.8,-0.375
E174,-1.0909090909090962,-0.9331434890417947,0.10942352332285528,-0.754019170747161,-0.8861554172024201,-2.125,-0.6222222222222222,0.25
A497,-1.0909090909090962,-0.7306454089958784,-0.5667602853069271,-0.8351972181153883,-0.5441566744261171,-0.5,-0.7111111111111111,-0.375
B733,-1.27272727272728,1.23737127322221,0.9691614438405601,1.0057046086648953,1.0641039610427674,-0.625,0.3111111111111111,0.375
R646,-1.27272727272728,-1.1389684875427308,-0.7268070911039571,-1.0714983681102586,-0.9728480329904533,-1.5,-0.5333333333333333,-0.125
U555,-1.27272727272728,-0.5262699199825782,-0.48145631363888897,-0.46055631611756936,-0.4968212082979077,-0.875,-1.2,-0.375
B369,-1.27272727272728,-1.0412469438559233,0.21879296500427137,-1.0104041629109923,-0.8732145115431754,-1.25,-0.8888888888888888,-0.25
P512,-1.4545454545454641,0.9620985605991462,0.822964443778297,1.7354409485450546,0.1951551239142389,-0.75,-0.5777777777777777,-1.0
U827,-1.4545454545454641,0.5745247066944673,0.9469727353773009,0.22321794809184903,0.6283994990038436,-4.5,-0.08888888888888889,0.5
S335,-1.6363636363636482,-0.4631219460631801,0.3610110393660077,-1.1184011203015707,0.02244571610133604,-2.25,-0.5333333333333333,-0.5
B937,-1.6363636363636482,0.03826237373558868,0.06685642170169094,0.23503775306760946,-0.14476733673410797,-0.875,-1.288888888888889,-0.125
Y788,-1.6363636363636482,-0.28037439024867744,-0.22715540464783876,-0.5647215811959958,-0.07788211559993037,-0.875,-1.4666666666666666,-0.125
M585,-1.6363636363636482,-0.4974847343359897,0.5886474503358224,-0.33914843563446667,-0.5349311266834698,-2.75,-0.4888888888888889,0.375
A149,-1.6363636363636482,-0.9410770920395793,0.20226918318207648,-0.9338412739330441,-0.7801769375087867,-1.75,-0.26666666666666666,-0.875
D899,-1.6363636363636482,-0.38658664491009953,-0.1808113561332835,-0.21610853805544886,-0.45689836869359685,-1.25,-0.13333333333333333,0.5
O145,-1.6363636363636482,-0.40376803904650194,-0.563326742455375,-0.5442149315994946,-0.26739024214676504,-1.125,-1.2,0.0
S759,-1.8181818181818323,3.3885523101466597,7.23803978977006,3.3748495916370245,2.5892245432277563,-11.625,0.044444444444444446,-0.75
C023,-1.8181818181818323,1.1361895039347643,-0.2815982275735287,0.1440484581796324,1.4817596317561006,-1.25,-0.7111111111111111,-0.25
R387,-1.8181818181818323,0.09543174240053105,0.15712737762560386,0.06173505350555749,0.04988580682304913,-3.25,-0.7555555555555555,-0.25
K641,-1.8181818181818323,-0.0017474461764639684,0.16655137316066795,0.5350371303814792,-0.39757476346852993,-1.125,-1.288888888888889,-1.125
Z251,-2.000000000000008,0.18131460651022474,0.4535685278296236,0.1556734214713218,0.11119575513843918,-1.875,-1.2,-0.75
U183,-2.1818181818181923,-0.9902178591998831,-0.5690573580299103,-0.930953013426496,-0.852204156277105,-1.25,-0.08888888888888889,-0.625
X246,-2.363636363636376,-0.40859737405111374,1.5253241066466083,0.19996630994143227,-0.759733221508411,-3.875,-0.8,-1.625
Q027,-2.363636363636376,-0.10446517280070151,-0.5386634133545554,0.03359434007016351,-0.21708845923254505,-4.625,-0.8444444444444444,-0.375
L961,-2.363636363636376,-1.7851123890855483,-0.8950793888193421,-1.8588868172155677,-1.3815136782828383,-1.5,-0.26666666666666666,-0.375
O309,-2.363636363636376,-0.13931365419397368,-0.7439225902811866,-0.5279110582453862,0.0994543187617089,-1.5,-0.8,-0.875
P711,-2.54545454545456,-0.0899112696269444,0.92785586719952,-0.18462137750479293,-0.053966300714482204,-1.75,-1.2,-0.5
F106,-2.54545454545456,-1.1104594950329516,0.5035476696682503,-1.165522783204174,-0.8708198524382574,-4.125,-1.2,-0.625
C180,-2.7272727272727444,-0.6942286506925482,-0.407903304007023,-0.36250120385824214,-0.8005281346866233,-1.875,-0.35555555555555557,-1.125
N629,-2.9090909090909283,-0.6720711279357047,-0.48520039097844125,-0.7728640746004971,-0.5012098276949892,-2.375,-0.7555555555555555,0.25
S650,-2.9090909090909283,-0.5455926379179318,0.2463247002638465,-0.583690232072763,-0.4440787013095482,-1.875,-0.8888888888888888,0.0
M738,-3.090909090909104,-1.2747734683493315,-0.15147633104988295,-1.2705472302111074,-1.036849972494421,-4.25,-1.2,-0.625
R246,-3.272727272727288,0.13544006928277405,1.4076406233790126,0.6839710963924865,-0.29890809814884145,-4.125,-1.2,-1.125
W147,-3.272727272727288,-0.5208521045823357,-0.0972520522178839,-0.8403073469964778,-0.24136595646566075,-9.375,-0.6222222222222222,-1.0
P559,-3.4545454545454723,0.2530777301584775,1.8532751283720488,0.5279052830450988,-0.029187099010066043,-5.75,-1.2444444444444445,-1.875
A195,-3.8181818181818405,0.8381315281315274,0.6407365413803806,0.7046027440100725,0.6906493434805901,-12.5,-0.4,-1.5
V996,-4.000000000000024,-0.1741621355872554,-0.157620560002046,-0.1619230843771029,-0.18903200862825673,-13.75,-1.5555555555555556,-1.25
C324,-4.1818181818182,0.8685362241827738,1.4488518523905878,1.034797087331215,0.5186540233189869,-10.125,-1.288888888888889,-0.625
A181,-4.545454545454568,1.2599972476961674,3.0519279035984375,1.9779516281829124,0.4621769669773187,-3.875,-1.6444444444444444,-1.25
S297,-4.727272727272752,1.0146052192539734,-0.023974347222460293,1.321282577249761,0.5402694466351895,-15.125,-1.4666666666666666,-1.125
S303,-4.727272727272752,1.5558596294191076,0.08288488874300992,1.016113251032179,1.5119217887164955,-9.5,-1.6888888888888889,-0.75
O354,-4.727272727272752,0.15125462635252196,-0.6057047608099434,0.013414036317254678,0.16108804484736233,-14.625,-0.9333333333333333,-2.375
F446,-6.000000000000033,-0.6514164849829068,-0.18891361022982664,-0.4837086194820543,-0.6603515128279769,-15.0,-0.9777777777777777,-1.75
H800,-7.454545454545489,1.393932561202975,1.1134981328680176,1.2623002705018262,1.1201939434871595,-15.125,-2.4444444444444446,-2.375
X058,-11.090909090909145,0.854016356924593,3.455354572219041,1.3138620465210658,0.3158868352048932,-21.0,-2.8,-3.625
V403,-12.909090909090969,-0.08649884461571807,-0.20103222293887008,-1.3642074934649822,0.7203806124844078,-22.25,-2.7111111111111112,-2.625
D210,-13.090909090909152,1.2747370222112937,0.022627939245716985,1.402635114468482,0.8585109802785448,-22.375,-2.6666666666666665,-3.125
A570,-14.545454545454618,-0.8445040622871758,0.5084988523522611,-0.9347906558588085,-0.6417100792503013,-20.75,-3.911111111111111,-1.625
P202,-17.636363636363722,1.0445238047404877,0.2857541477152895,0.8531225986948627,0.8883684533644024,-27.125,-3.8222222222222224,-4.25
C168,-24.363636363636477,0.9050261055395578,-0.3830838822465315,0.8271989062308184,0.7061613099173649,-24.625,-5.2444444444444445,-2.125
I254,-28.181818181818315,1.6316677461280489,3.3369575678800905,2.1737160447086112,0.8649939449747635,-24.375,-6.044444444444444,-2.625
Z181,-28.72727272727286,0.592458541387108,0.17137323797332837,0.9251310916629629,0.1961211091429763,-27.5,-5.688888888888889,-3.375
J879,-29.090909090909225,-0.5631093908168949,1.1196125225422324,-0.053261614789106376,-0.8150949573655978,-27.125,-6.666666666666667,-4.0
D005,-31.27272727272742,1.6587172481329602,-0.21782073154186837,1.6721569868870303,1.230784771564333,-27.125,-6.7555555555555555,-4.0
V411,-32.18181818181833,0.5830136348840066,1.6219768259552279,1.3315403697276647,-0.08247227783462743,-26.25,-6.933333333333334,-3.875
D016,-32.18181818181833,-0.10635535017191894,1.3084722610313708,0.1940244538746018,-0.32443940134944527,-28.25,-7.066666666666666,-3.5
J844,-40.9090909090911,1.1959275512517469,0.18550690121254265,1.9703046654026526,0.3757127291339592,-30.125,-8.8,-4.625
D178,-41.636363636363825,-0.23437860920236891,1.5628944197390988,-0.4459666551744573,-0.08969517704402481,-31.25,-8.88888888888889,-5.75
J450,-42.18181818181838,5.926623890032743,13.532632531006064,3.819856435656237,5.921757056188397,-31.125,-8.88888888888889,-5.0
U585,-42.727272727272926,-4.723083465713956,3.7524436390855143,-3.55499450186635,-4.4687324112033835,-30.75,-9.511111111111111,-7.5
H637,-44.72727272727293,0.06790808834550104,2.7220442361613717,0.5975953179337745,-0.3389574287603336,-32.625,-9.688888888888888,-5.375
M732,-47.09090909090931,-0.4407059257033949,2.0152349748427114,0.4894310548188197,-0.9943904160060816,-32.875,-10.088888888888889,-5.75
B249,-48.727272727272954,-0.09411245836081533,1.4782583844005728,1.034797087331215,-0.8554228112847336,-34.5,-10.533333333333333,-6.375
G762,-50.181818181818414,2.0448149171296364,2.4664946783633503,2.4220719325346227,1.2927075408079072,-35.0,-10.844444444444445,-7.0
Z530,-50.363636363636594,-1.4482159457596326,0.1010174835949611,-2.8593077413099324,-0.24802873076581872,-35.375,-10.88888888888889,-7.125
C155,-51.636363636363875,-2.602335678122579,7.591016789415375,-3.1690660799518398,-1.6933459982712253,-35.375,-11.2,-7.25
