city,city_hot_count,city_hot_norm,is_high_activity,city_avg_exp_threshold,city_avg_edu_threshold,city_comprehensive_threshold,avg_monthly_salary_mid,avg_yearly_salary_mid,salary_median,company_count,job_type_count,industry_type_count,avg_experience_rank,avg_education_rank,recruitment_activity_index,activity_grade
F047,25777,1.0,1,7.060286301741863,7.301147017366904,7.180716659554384,14356.120223455018,181354.968848198,10500.0,18970,13947,152,7.060286301741863,8.761376420840284,10.0,
P949,24680,0.9574426814602165,1,7.043679092382496,7.105618584548892,7.074648838465695,13068.158144246354,163796.24051863857,10000.0,18542,13119,154,7.043679092382496,8.526742301458672,9.574426814602164,高活跃度
K115,24600,0.9543391395430034,1,7.024471544715447,7.260128726287264,7.142300135501356,14024.261605691057,177294.71650406503,10500.0,18207,13184,154,7.024471544715447,8.712154471544716,9.543391395430035,高活跃度
F379,24517,0.9511192148038949,1,6.771668638087857,7.010747644491577,6.8912081412897175,8787.367112615737,106728.59868662561,7500.0,17131,14950,154,6.771668638087857,8.412897173389892,9.51119214803895,高活跃度
Y232,24370,0.945416456531016,1,6.889413212966763,6.927438106962112,6.908425659964437,10423.192890849405,129187.71148953632,8500.0,18046,13267,152,6.889413212966763,8.312925728354534,9.45416456531016,高活跃度
B170,23788,0.9228381890832913,1,6.9612409618294935,7.18446976066364,7.072855361246567,11973.881263662352,150479.79023036826,9500.0,16744,12486,151,6.9612409618294935,8.621363712796368,9.228381890832914,高活跃度
Y633,23757,0.9216355665903713,1,6.910258029212443,7.117200544400949,7.013729286806696,9821.151439575704,121629.96746222166,7500.0,17348,14011,152,6.910258029212443,8.540640653281137,9.216355665903713,高活跃度
N806,22959,0.8906777359661714,1,6.893854261945207,7.021066538902681,6.957460400423945,10376.813395618276,128870.57820462564,8500.0,16572,11483,148,6.893854261945207,8.425279846683217,8.906777359661714,中高活跃度
O198,22957,0.8906001474182411,1,6.85634011412641,7.045636044198574,6.950988079162492,8404.942697216535,102951.6807074095,7000.0,16701,12017,150,6.85634011412641,8.454763253038289,8.90600147418241,中高活跃度
S959,22336,0.866508903285875,1,6.841018982808023,6.936597122731615,6.888808052769818,8990.588232002148,110969.66086138968,7500.0,15268,11400,148,6.841018982808023,8.323916547277937,8.66508903285875,中高活跃度
R892,22246,0.8630174186290104,1,6.921379124336959,7.013170907129371,6.967275015733166,9041.75412433696,111221.5610446822,7500.0,15197,12141,152,6.921379124336959,8.415805088555246,8.630174186290104,中高活跃度
V932,22182,0.86053458509524,1,6.787034532503832,7.032090583956963,6.909562558230396,8266.992877107565,100699.85718149852,7000.0,15409,11588,149,6.787034532503832,8.438508700748354,8.6053458509524,中高活跃度
S542,22146,0.8591379912324941,1,6.885532376049851,7.097820524398688,6.9916764502242685,9665.733010475933,119592.2233811975,8000.0,15119,12226,148,6.885532376049851,8.517384629278425,8.59137991232494,中高活跃度
V449,22090,0.856965511890445,1,6.918107741059303,6.912667873849404,6.915387807454353,8681.226765504753,106245.99778180172,7500.0,15863,11434,152,6.918107741059303,8.295201448619284,8.56965511890445,中高活跃度
D022,597,0.023160181557202158,1,6.584589614740368,6.405639307649357,6.495114461194864,5975.268844221106,71910.93132328308,5000.0,593,522,94,6.584589614740368,7.686767169179229,0.23160181557202159,低活跃度
K445,593,0.023005004461341506,1,6.81787521079258,7.0952782462057336,6.956576728499157,8085.883220910624,99010.36256323778,7000.0,572,528,89,6.81787521079258,8.51433389544688,0.23005004461341505,低活跃度
D090,590,0.02288862163944602,1,6.545762711864406,6.206214689265536,6.375988700564972,6170.501694915254,74496.02033898306,5500.0,587,500,83,6.545762711864406,7.447457627118644,0.2288862163944602,低活跃度
A802,530,0.020560965201536253,1,6.554716981132075,6.199685534591195,6.377201257861635,5987.610849056604,72002.27358490566,5000.0,336,461,72,6.554716981132075,7.439622641509434,0.20560965201536252,低活跃度
P050,300,0.011638282189548823,1,6.716666666666667,6.494444444444445,6.605555555555556,6671.9625,80631.88333333333,5500.0,299,287,69,6.716666666666667,7.793333333333333,0.11638282189548822,低活跃度
Y964,300,0.011638282189548823,1,6.7,6.5,6.6,6787.904166666666,82308.18333333333,6000.0,299,283,75,6.7,7.8,0.11638282189548822,低活跃度
F861,300,0.011638282189548823,1,6.65,6.608333333333333,6.629166666666666,8303.504166666668,102045.38333333333,6500.0,300,282,73,6.65,7.93,0.11638282189548822,低活跃度
M120,300,0.011638282189548823,1,6.4366666666666665,6.175,6.305833333333333,5756.58,69137.29333333333,5000.0,300,260,70,6.4366666666666665,7.41,0.11638282189548822,低活跃度
P741,300,0.011638282189548823,1,6.616666666666666,6.111111111111111,6.363888888888889,6685.116666666667,80439.73333333334,5500.0,297,252,73,6.616666666666666,7.333333333333333,0.11638282189548822,低活跃度
L122,300,0.011638282189548823,1,6.326666666666667,6.325,6.325833333333334,5855.35,70454.2,5000.0,298,279,68,6.326666666666667,7.59,0.11638282189548822,低活跃度
J309,300,0.011638282189548823,1,6.58,6.502777777777777,6.541388888888889,6046.645833333333,72723.08333333333,5500.0,299,272,70,6.58,7.803333333333334,0.11638282189548822,低活跃度
Z490,300,0.011638282189548823,1,6.456666666666667,6.269444444444444,6.3630555555555555,5009.73,60488.426666666666,4500.0,297,262,66,6.456666666666667,7.523333333333333,0.11638282189548822,低活跃度
R858,300,0.011638282189548823,1,6.473333333333334,6.163888888888889,6.318611111111111,5076.704166666666,61010.45,4500.0,299,270,64,6.473333333333334,7.3966666666666665,0.11638282189548822,低活跃度
O824,300,0.011638282189548823,1,6.343333333333334,5.986111111111111,6.164722222222222,5892.016666666666,70920.86666666667,4500.0,295,274,67,6.343333333333334,7.183333333333334,0.11638282189548822,低活跃度
O238,300,0.011638282189548823,1,6.54,6.0472222222222225,6.293611111111111,5116.1125,61555.01666666667,4000.0,298,268,64,6.54,7.256666666666667,0.11638282189548822,低活跃度
M935,300,0.011638282189548823,1,6.4,6.0055555555555555,6.2027777777777775,5757.929166666667,69643.48333333334,5000.0,300,275,67,6.4,7.206666666666667,0.11638282189548822,低活跃度
D135,300,0.011638282189548823,1,6.463333333333333,6.205555555555556,6.334444444444444,6364.241666666667,76670.9,5577.5,299,277,75,6.463333333333333,7.446666666666666,0.11638282189548822,低活跃度
H166,300,0.011638282189548823,1,6.713333333333333,6.6,6.656666666666666,7580.575833333333,92431.91,6500.0,300,287,81,6.713333333333333,7.92,0.11638282189548822,低活跃度
F301,300,0.011638282189548823,1,6.733333333333333,6.647222222222222,6.690277777777778,6740.533333333334,81159.73333333334,5500.0,300,272,72,6.733333333333333,7.976666666666667,0.11638282189548822,低活跃度
X910,300,0.011638282189548823,1,6.533333333333333,6.125,6.329166666666667,6047.966666666666,72985.6,5500.0,298,280,71,6.533333333333333,7.35,0.11638282189548822,低活跃度
O445,300,0.011638282189548823,1,6.57,6.330555555555556,6.450277777777777,5320.966666666666,63958.26666666667,4500.0,299,251,68,6.57,7.596666666666667,0.11638282189548822,低活跃度
Y253,300,0.011638282189548823,1,6.533333333333333,6.122222222222223,6.3277777777777775,5654.193333333334,67936.98666666666,5000.0,294,257,69,6.533333333333333,7.346666666666667,0.11638282189548822,低活跃度
K227,299,0.01159948791558366,1,6.538461538461538,6.237458193979933,6.3879598662207355,5874.2851170568565,70697.10702341137,5500.0,299,262,66,6.538461538461538,7.48494983277592,0.11599487915583659,低活跃度
U989,299,0.01159948791558366,1,6.638795986622074,6.2792642140468224,6.459030100334449,6802.179765886288,83360.27090301004,6000.0,293,277,74,6.638795986622074,7.535117056856187,0.11599487915583659,低活跃度
L867,299,0.01159948791558366,1,6.625418060200669,6.192865105908584,6.409141583054626,6999.203177257525,84935.254180602,6000.0,298,277,68,6.625418060200669,7.431438127090301,0.11599487915583659,低活跃度
D575,299,0.01159948791558366,1,6.595317725752508,6.2207357859531776,6.408026755852843,7942.692307692308,95956.12040133779,7000.0,299,282,74,6.595317725752508,7.464882943143813,0.11599487915583659,低活跃度
U553,299,0.01159948791558366,1,6.705685618729097,6.410256410256411,6.557971014492753,6187.261705685619,74534.76588628763,5500.0,299,284,73,6.705685618729097,7.6923076923076925,0.11599487915583659,低活跃度
E333,299,0.01159948791558366,1,6.896321070234114,7.051282051282052,6.973801560758083,10844.180602006689,135613.44481605352,9000.0,298,293,76,6.896321070234114,8.461538461538462,0.11599487915583659,低活跃度
N430,299,0.01159948791558366,1,6.488294314381271,6.192865105908584,6.340579710144928,6100.785953177257,73403.41137123745,5500.0,296,262,69,6.488294314381271,7.431438127090301,0.11599487915583659,低活跃度
R716,299,0.01159948791558366,1,6.892976588628763,6.767001114827202,6.8299888517279825,8953.984113712375,108656.83946488294,7500.0,295,281,81,6.892976588628763,8.120401337792643,0.11599487915583659,低活跃度
F410,299,0.01159948791558366,1,6.705685618729097,6.003344481605351,6.354515050167224,6283.331939799331,75973.5618729097,5500.0,291,279,67,6.705685618729097,7.2040133779264215,0.11599487915583659,低活跃度
E180,299,0.01159948791558366,1,6.702341137123746,6.329431438127091,6.515886287625418,6724.147157190636,81333.57859531773,6000.0,299,279,72,6.702341137123746,7.595317725752508,0.11599487915583659,低活跃度
I227,299,0.01159948791558366,1,6.678929765886288,6.6638795986622075,6.671404682274248,6579.26839464883,79417.77591973245,5500.0,291,282,73,6.678929765886288,7.996655518394649,0.11599487915583659,低活跃度
O910,299,0.01159948791558366,1,6.508361204013378,6.201226309921962,6.35479375696767,6640.848662207358,80715.26755852843,5500.0,284,265,66,6.508361204013378,7.441471571906354,0.11599487915583659,低活跃度
X990,299,0.01159948791558366,1,6.7959866220735785,6.348940914158305,6.572463768115942,8610.772575250836,105603.51839464883,7500.0,298,282,83,6.7959866220735785,7.618729096989966,0.11599487915583659,低活跃度
A655,299,0.01159948791558366,1,6.558528428093646,6.20680044593088,6.382664437012263,6599.171404682274,79352.26421404682,5500.0,294,272,76,6.558528428093646,7.448160535117057,0.11599487915583659,低活跃度
Q715,299,0.01159948791558366,1,6.5719063545150505,6.396321070234114,6.484113712374582,6002.169732441472,72121.35451505017,5000.0,296,267,65,6.5719063545150505,7.6755852842809364,0.11599487915583659,低活跃度
Y031,299,0.01159948791558366,1,6.45819397993311,6.2792642140468224,6.368729096989966,5775.583612040134,69805.33110367892,5500.0,297,263,69,6.45819397993311,7.535117056856187,0.11599487915583659,低活跃度
I606,299,0.01159948791558366,1,6.665551839464883,6.6164994425864,6.641025641025641,8080.715719063545,97587.31772575251,7000.0,299,278,80,6.665551839464883,7.9397993311036785,0.11599487915583659,低活跃度
P258,299,0.01159948791558366,1,6.591973244147157,6.557971014492753,6.5749721293199554,6880.07525083612,82656.22073578596,6000.0,298,290,63,6.591973244147157,7.869565217391305,0.11599487915583659,低活跃度
G905,299,0.01159948791558366,1,6.454849498327759,6.315496098104793,6.385172798216277,6075.886287625418,73112.97658862876,5500.0,296,270,65,6.454849498327759,7.578595317725752,0.11599487915583659,低活跃度
K535,299,0.01159948791558366,1,6.688963210702341,6.622073578595318,6.655518394648829,6754.0133779264215,81777.25752508361,5500.0,299,279,80,6.688963210702341,7.946488294314381,0.11599487915583659,低活跃度
Y350,299,0.01159948791558366,1,6.418060200668896,6.159420289855072,6.288740245261984,6343.139632107023,76192.92642140469,5500.0,297,266,64,6.418060200668896,7.391304347826087,0.11599487915583659,低活跃度
V436,299,0.01159948791558366,1,6.7725752508361206,6.596989966555184,6.684782608695652,7402.34949832776,89060.63545150502,6500.0,288,287,69,6.7725752508361206,7.916387959866221,0.11599487915583659,低活跃度
L504,299,0.01159948791558366,1,6.615384615384615,6.424191750278707,6.519788182831661,5766.897993311037,69271.33779264214,5500.0,299,263,65,6.615384615384615,7.709030100334449,0.11599487915583659,低活跃度
J719,299,0.01159948791558366,1,6.665551839464883,6.605351170568562,6.635451505016722,6822.420568561873,82039.61538461539,6000.0,297,281,78,6.665551839464883,7.926421404682274,0.11599487915583659,低活跃度
V852,299,0.01159948791558366,1,6.551839464882943,6.312709030100335,6.432274247491639,6168.8127090301,74769.89966555184,5500.0,299,270,72,6.551839464882943,7.575250836120401,0.11599487915583659,低活跃度
J884,299,0.01159948791558366,1,6.535117056856187,6.415830546265329,6.475473801560758,5862.454849498327,70453.13712374582,5500.0,295,276,72,6.535117056856187,7.698996655518394,0.11599487915583659,低活跃度
D346,299,0.01159948791558366,1,6.4280936454849495,6.00613154960981,6.217112597547381,5620.2090301003345,67556.22073578596,5000.0,299,250,70,6.4280936454849495,7.207357859531773,0.11599487915583659,低活跃度
P772,299,0.01159948791558366,1,6.451505016722408,6.081382385730212,6.266443701226311,5501.450668896321,66042.49163879598,4500.0,296,267,72,6.451505016722408,7.297658862876254,0.11599487915583659,低活跃度
L518,299,0.01159948791558366,1,6.501672240802676,6.2792642140468224,6.3904682274247495,5327.579431438127,64058.04347826087,5000.0,295,265,63,6.501672240802676,7.535117056856187,0.11599487915583659,低活跃度
S528,299,0.01159948791558366,1,6.424749163879599,5.930880713489409,6.177814938684504,5341.538461538462,64320.86956521739,4500.0,275,266,63,6.424749163879599,7.117056856187291,0.11599487915583659,低活跃度
A861,298,0.011560693641618497,0,6.620805369127517,6.532438478747204,6.576621923937361,6545.185402684564,78862.69463087249,5500.0,298,278,72,6.620805369127517,7.8389261744966445,0.11560693641618497,低活跃度
O482,298,0.011560693641618497,0,6.590604026845638,6.241610738255034,6.416107382550336,5894.958892617449,71095.21140939597,5500.0,298,286,72,6.590604026845638,7.489932885906041,0.11560693641618497,低活跃度
N214,298,0.011560693641618497,0,6.459731543624161,6.409395973154362,6.434563758389261,6340.654362416108,76389.86577181208,5500.0,297,252,70,6.459731543624161,7.691275167785235,0.11560693641618497,低活跃度
T182,298,0.011560693641618497,0,6.580536912751678,6.303131991051454,6.441834451901566,5690.916107382551,68356.42953020135,5500.0,298,261,65,6.580536912751678,7.563758389261745,0.11560693641618497,低活跃度
C906,298,0.011560693641618497,0,6.439597315436242,5.897651006711409,6.168624161073826,5300.146812080537,63831.62751677852,4500.0,294,251,63,6.439597315436242,7.077181208053691,0.11560693641618497,低活跃度
S213,298,0.011560693641618497,0,6.593959731543624,6.263982102908278,6.428970917225952,5875.271812080537,71015.0067114094,5000.0,295,275,72,6.593959731543624,7.516778523489933,0.11560693641618497,低活跃度
P773,298,0.011560693641618497,0,6.798657718120805,6.277964205816555,6.538310961968681,7022.005033557047,84742.24832214766,6500.0,297,284,68,6.798657718120805,7.533557046979865,0.11560693641618497,低活跃度
X916,298,0.011560693641618497,0,6.587248322147651,6.252796420581655,6.420022371364653,6238.892617449665,75462.34899328859,5500.0,297,267,56,6.587248322147651,7.503355704697986,0.11560693641618497,低活跃度
I652,298,0.011560693641618497,0,6.540268456375839,6.1297539149888145,6.335011185682326,6462.323825503356,77591.5100671141,5500.0,297,271,71,6.540268456375839,7.355704697986577,0.11560693641618497,低活跃度
P357,298,0.011560693641618497,0,6.489932885906041,6.577181208053691,6.533557046979865,6243.898489932886,75133.15771812081,5500.0,294,275,75,6.489932885906041,7.89261744966443,0.11560693641618497,低活跃度
K816,298,0.011560693641618497,0,6.577181208053691,6.353467561521254,6.465324384787472,6506.799496644296,78636.96308724832,5500.0,297,280,71,6.577181208053691,7.624161073825503,0.11560693641618497,低活跃度
G887,298,0.011560693641618497,0,6.5369127516778525,6.440156599552573,6.488534675615212,6438.0788590604025,77466.67785234899,5500.0,298,267,68,6.5369127516778525,7.728187919463087,0.11560693641618497,低活跃度
L726,298,0.011560693641618497,0,6.567114093959732,6.263982102908278,6.415548098434004,5387.8246644295305,65058.25838926175,4500.0,298,270,66,6.567114093959732,7.516778523489933,0.11560693641618497,低活跃度
P939,298,0.011560693641618497,0,6.446308724832215,6.098993288590604,6.272651006711409,6197.063758389262,74398.32214765101,5500.0,298,264,61,6.446308724832215,7.318791946308725,0.11560693641618497,低活跃度
Z087,298,0.011560693641618497,0,6.557046979865772,6.456935123042506,6.506991051454138,6296.667785234899,75789.87919463088,5500.0,292,280,66,6.557046979865772,7.748322147651007,0.11560693641618497,低活跃度
E478,298,0.011560693641618497,0,6.6375838926174495,6.266778523489933,6.452181208053691,6771.9337248322145,81679.31208053691,6000.0,296,282,72,6.6375838926174495,7.52013422818792,0.11560693641618497,低活跃度
A561,298,0.011560693641618497,0,6.577181208053691,6.412192393736017,6.494686800894855,6636.065436241611,80228.42281879195,5500.0,296,277,64,6.577181208053691,7.694630872483222,0.11560693641618497,低活跃度
L847,298,0.011560693641618497,0,6.718120805369128,6.39261744966443,6.555369127516778,8463.995805369128,102354.86241610738,7500.0,298,273,63,6.718120805369128,7.671140939597316,0.11560693641618497,低活跃度
W823,298,0.011560693641618497,0,6.610738255033557,6.2192393736017895,6.414988814317674,5404.333053691275,65029.84899328859,4500.0,288,274,70,6.610738255033557,7.4630872483221475,0.11560693641618497,低活跃度
P248,298,0.011560693641618497,0,6.604026845637584,6.2555928411633115,6.429809843400447,5547.067953020134,66727.56711409397,5000.0,297,269,66,6.604026845637584,7.506711409395973,0.11560693641618497,低活跃度
I529,298,0.011560693641618497,0,6.6644295302013425,6.459731543624161,6.5620805369127515,7612.701342281879,92198.05369127517,6500.0,298,280,73,6.6644295302013425,7.751677852348993,0.11560693641618497,低活跃度
G496,298,0.011560693641618497,0,6.741610738255034,6.401006711409396,6.571308724832215,7990.650167785235,96981.76174496644,6762.5,297,287,76,6.741610738255034,7.681208053691275,0.11560693641618497,低活跃度
V838,298,0.011560693641618497,0,6.674496644295302,6.803691275167785,6.739093959731544,9065.056208053691,111669.93624161073,7500.0,297,290,83,6.674496644295302,8.164429530201343,0.11560693641618497,低活跃度
I057,298,0.011560693641618497,0,6.60738255033557,6.470917225950783,6.539149888143177,7608.674496644296,93114.4966442953,6500.0,298,280,72,6.60738255033557,7.76510067114094,0.11560693641618497,低活跃度
Z824,298,0.011560693641618497,0,6.718120805369128,6.210850111856823,6.464485458612976,7090.008389261745,85809.96644295302,6500.0,298,272,70,6.718120805369128,7.453020134228188,0.11560693641618497,低活跃度
U947,298,0.011560693641618497,0,6.523489932885906,6.0542505592841165,6.288870246085011,6837.311241610738,82720.55369127517,6000.0,296,274,64,6.523489932885906,7.26510067114094,0.11560693641618497,低活跃度
Z885,298,0.011560693641618497,0,6.4865771812080535,6.300335570469799,6.393456375838926,6198.406040268456,75662.75167785234,5500.0,298,272,72,6.4865771812080535,7.560402684563758,0.11560693641618497,低活跃度
M066,298,0.011560693641618497,0,6.345637583892618,6.029082774049217,6.187360178970917,6562.6552013422815,78852.53355704698,5500.0,295,233,60,6.345637583892618,7.23489932885906,0.11560693641618497,低活跃度
V339,298,0.011560693641618497,0,6.493288590604027,6.196868008948546,6.3450782997762865,5988.112416107382,72001.64429530202,5500.0,298,247,65,6.493288590604027,7.436241610738255,0.11560693641618497,低活跃度
N386,298,0.011560693641618497,0,6.583892617449664,6.454138702460851,6.519015659955257,7156.271812080537,86044.72483221476,6500.0,298,277,74,6.583892617449664,7.74496644295302,0.11560693641618497,低活跃度
H879,298,0.011560693641618497,0,6.550335570469799,6.25,6.400167785234899,6171.631711409396,74257.56711409397,5500.0,298,254,65,6.550335570469799,7.5,0.11560693641618497,低活跃度
Z182,298,0.011560693641618497,0,6.5369127516778525,6.037472035794184,6.287192393736017,5967.298657718121,71840.80536912751,5500.0,297,264,62,6.5369127516778525,7.24496644295302,0.11560693641618497,低活跃度
T526,298,0.011560693641618497,0,6.412751677852349,5.880872483221476,6.146812080536913,5180.3691275167785,62182.88590604027,4500.0,296,264,62,6.412751677852349,7.057046979865772,0.11560693641618497,低活跃度
U289,298,0.011560693641618497,0,6.526845637583893,6.196868008948546,6.36185682326622,5738.6149328859065,69282.84228187919,5000.0,298,274,62,6.526845637583893,7.436241610738255,0.11560693641618497,低活跃度
M857,298,0.011560693641618497,0,6.318791946308725,5.808165548098434,6.06347874720358,5230.750838926175,62891.4932885906,4500.0,293,267,70,6.318791946308725,6.969798657718121,0.11560693641618497,低活跃度
K571,298,0.011560693641618497,0,6.365771812080537,6.2807606263982105,6.323266219239374,5512.218959731544,66208.70805369127,4500.0,298,270,63,6.365771812080537,7.5369127516778525,0.11560693641618497,低活跃度
H187,298,0.011560693641618497,0,6.493288590604027,6.437360178970917,6.465324384787472,5702.055369127517,68523.65771812081,5500.0,297,255,63,6.493288590604027,7.724832214765101,0.11560693641618497,低活跃度
Y528,298,0.011560693641618497,0,6.597315436241611,6.437360178970917,6.517337807606264,7193.083053691275,87229.74832214766,6500.0,298,281,73,6.597315436241611,7.724832214765101,0.11560693641618497,低活跃度
S503,298,0.011560693641618497,0,6.406040268456376,6.230425055928412,6.318232662192393,5678.229865771812,68215.93959731543,5000.0,298,266,76,6.406040268456376,7.476510067114094,0.11560693641618497,低活跃度
V726,298,0.011560693641618497,0,6.4630872483221475,6.04586129753915,6.254474272930649,5398.657718120805,64975.1677852349,5000.0,298,273,66,6.4630872483221475,7.25503355704698,0.11560693641618497,低活跃度
V365,298,0.011560693641618497,0,6.439597315436242,6.30592841163311,6.372762863534676,5115.03355704698,61616.97986577181,4500.0,295,251,65,6.439597315436242,7.567114093959732,0.11560693641618497,低活跃度
G129,298,0.011560693641618497,0,6.751677852348993,6.588366890380314,6.670022371364653,5916.631711409396,71680.78859060403,5500.0,298,262,77,6.751677852348993,7.906040268456376,0.11560693641618497,低活跃度
Q095,298,0.011560693641618497,0,6.60738255033557,6.375838926174497,6.491610738255034,6934.991610738255,83901.10738255034,6000.0,298,264,69,6.60738255033557,7.651006711409396,0.11560693641618497,低活跃度
U038,298,0.011560693641618497,0,6.718120805369128,6.440156599552573,6.579138702460851,7292.911073825503,88570.30201342281,6500.0,296,279,71,6.718120805369128,7.728187919463087,0.11560693641618497,低活跃度
Y255,298,0.011560693641618497,0,6.577181208053691,6.261185682326622,6.419183445190157,6296.541107382551,75889.03020134228,5500.0,294,282,67,6.577181208053691,7.5134228187919465,0.11560693641618497,低活跃度
L599,298,0.011560693641618497,0,6.647651006711409,6.468120805369128,6.557885906040268,6650.457214765101,80224.94966442953,6000.0,298,281,69,6.647651006711409,7.761744966442953,0.11560693641618497,低活跃度
Z196,298,0.011560693641618497,0,6.6610738255033555,6.317114093959732,6.489093959731544,7231.6191275167785,87742.5167785235,6500.0,298,274,69,6.6610738255033555,7.580536912751678,0.11560693641618497,低活跃度
A155,298,0.011560693641618497,0,6.614093959731544,6.4205816554809845,6.517337807606264,6621.187919463087,79850.22818791946,6000.0,298,261,70,6.614093959731544,7.704697986577181,0.11560693641618497,低活跃度
T061,298,0.011560693641618497,0,6.6610738255033555,6.367449664429531,6.514261744966443,7694.03355704698,93096.85906040268,7000.0,296,285,71,6.6610738255033555,7.640939597315437,0.11560693641618497,低活跃度
E551,298,0.011560693641618497,0,6.721476510067114,6.613534675615213,6.667505592841164,8879.270134228187,108883.45637583893,7500.0,296,282,69,6.721476510067114,7.936241610738255,0.11560693641618497,低活跃度
N821,298,0.011560693641618497,0,6.691275167785235,6.4709172259507834,6.5810961968680095,7849.455536912752,95433.39932885906,6500.0,297,285,71,6.691275167785235,7.76510067114094,0.11560693641618497,低活跃度
A050,298,0.011560693641618497,0,6.469798657718121,6.1437360178970915,6.306767337807607,5918.031879194631,72257.9932885906,5500.0,297,259,65,6.469798657718121,7.37248322147651,0.11560693641618497,低活跃度
H610,298,0.011560693641618497,0,7.275167785234899,7.891498881431768,7.583333333333334,27032.789429530203,339633.4060402685,22500.0,255,284,64,7.275167785234899,9.46979865771812,0.11560693641618497,低活跃度
D672,298,0.011560693641618497,0,6.694630872483222,6.546420581655481,6.620525727069351,5954.697986577181,71667.78523489933,5000.0,298,280,71,6.694630872483222,7.855704697986577,0.11560693641618497,低活跃度
B826,298,0.011560693641618497,0,6.550335570469799,6.216442953020135,6.383389261744966,5399.776845637584,64881.214765100674,5000.0,295,264,69,6.550335570469799,7.459731543624161,0.11560693641618497,低活跃度
L088,297,0.011521899367653334,0,6.565656565656566,6.430976430976431,6.498316498316498,6454.89898989899,77692.79461279462,5500.0,297,265,69,6.565656565656566,7.717171717171717,0.11521899367653334,低活跃度
R141,297,0.011521899367653334,0,6.380471380471381,6.38327721661055,6.381874298540965,5748.072390572391,69136.80134680135,5500.0,297,251,63,6.380471380471381,7.65993265993266,0.11521899367653334,低活跃度
E727,297,0.011521899367653334,0,6.346801346801347,5.749158249158249,6.047979797979798,7541.63973063973,91423.9191919192,5500.0,297,226,61,6.346801346801347,6.898989898989899,0.11521899367653334,低活跃度
P713,297,0.011521899367653334,0,6.565656565656566,6.111111111111111,6.338383838383838,5361.599326599327,64526.06060606061,4500.0,296,260,67,6.565656565656566,7.333333333333333,0.11521899367653334,低活跃度
J351,297,0.011521899367653334,0,6.451178451178452,6.293490460157127,6.372334455667788,5462.53367003367,65626.16161616161,5000.0,297,266,63,6.451178451178452,7.552188552188552,0.11521899367653334,低活跃度
V079,297,0.011521899367653334,0,6.542087542087542,6.097081930415263,6.319584736251403,5691.931818181818,68439.54545454546,5000.0,296,261,61,6.542087542087542,7.316498316498317,0.11521899367653334,低活跃度
N377,297,0.011521899367653334,0,6.437710437710438,5.962401795735129,6.2000561167227835,4826.700336700336,57949.02356902357,4500.0,297,274,72,6.437710437710438,7.154882154882155,0.11521899367653334,低活跃度
N164,297,0.011521899367653334,0,6.434343434343434,6.175645342312009,6.304994388327722,5590.4840067340065,67131.26262626263,4500.0,282,258,69,6.434343434343434,7.410774410774411,0.11521899367653334,低活跃度
H442,297,0.011521899367653334,0,6.575757575757576,6.133557800224467,6.354657687991021,5631.952861952862,67741.6835016835,5000.0,296,267,66,6.575757575757576,7.36026936026936,0.11521899367653334,低活跃度
D762,297,0.011521899367653334,0,6.606060606060606,6.099887766554433,6.352974186307519,6196.447811447812,74680.60606060606,5500.0,297,274,67,6.606060606060606,7.31986531986532,0.11521899367653334,低活跃度
D906,297,0.011521899367653334,0,6.5353535353535355,6.156004489337822,6.34567901234568,6077.937710437711,73115.3872053872,4500.0,293,270,57,6.5353535353535355,7.3872053872053876,0.11521899367653334,低活跃度
P193,297,0.011521899367653334,0,6.646464646464646,6.139169472502806,6.392817059483726,6153.587542087542,74363.25252525252,5500.0,280,281,69,6.646464646464646,7.367003367003367,0.11521899367653334,低活跃度
T815,297,0.011521899367653334,0,6.515151515151516,5.886644219977553,6.200897867564534,5544.562289562289,66975.82491582491,5000.0,279,263,58,6.515151515151516,7.063973063973064,0.11521899367653334,低活跃度
R885,297,0.011521899367653334,0,6.558922558922559,6.139169472502806,6.349046015712682,6317.866161616162,76395.20202020202,5500.0,294,248,55,6.558922558922559,7.367003367003367,0.11521899367653334,低活跃度
X536,297,0.011521899367653334,0,6.414141414141414,6.228956228956229,6.321548821548822,5747.790404040404,69005.47138047138,5500.0,294,246,66,6.414141414141414,7.474747474747475,0.11521899367653334,低活跃度
E498,297,0.011521899367653334,0,6.434343434343434,6.1419753086419755,6.288159371492704,6460.2946127946125,78462.92929292929,5500.0,291,254,68,6.434343434343434,7.37037037037037,0.11521899367653334,低活跃度
Z789,297,0.011521899367653334,0,6.410774410774411,6.153198653198653,6.281986531986532,5609.785353535353,67482.4074074074,5500.0,297,253,72,6.410774410774411,7.383838383838384,0.11521899367653334,低活跃度
I282,297,0.011521899367653334,0,6.505050505050505,5.909090909090909,6.207070707070707,5852.495791245791,71078.43434343435,5500.0,294,259,62,6.505050505050505,7.090909090909091,0.11521899367653334,低活跃度
U125,297,0.011521899367653334,0,6.441077441077441,6.282267115600448,6.361672278338945,5717.104377104377,68753.40067340067,5000.0,297,263,62,6.441077441077441,7.538720538720539,0.11521899367653334,低活跃度
U692,297,0.011521899367653334,0,6.511784511784512,6.046576879910213,6.279180695847363,6077.857744107744,73180.08417508418,5500.0,297,265,61,6.511784511784512,7.255892255892256,0.11521899367653334,低活跃度
Q163,297,0.011521899367653334,0,6.572390572390573,6.125140291806959,6.348765432098765,5984.329966329967,71961.79124579125,5500.0,287,267,59,6.572390572390573,7.35016835016835,0.11521899367653334,低活跃度
D475,297,0.011521899367653334,0,6.622895622895623,6.113916947250281,6.368406285072952,5895.1430976430975,71120.50505050505,5500.0,296,273,78,6.622895622895623,7.3367003367003365,0.11521899367653334,低活跃度
X232,297,0.011521899367653334,0,6.626262626262626,6.119528619528619,6.372895622895623,6691.987373737374,80541.22222222222,5500.0,293,282,73,6.626262626262626,7.343434343434343,0.11521899367653334,低活跃度
E027,297,0.011521899367653334,0,6.508417508417509,6.262626262626263,6.385521885521886,5944.292929292929,71846.66666666667,5500.0,296,267,62,6.508417508417509,7.515151515151516,0.11521899367653334,低活跃度
I784,297,0.011521899367653334,0,6.575757575757576,6.380471380471381,6.478114478114478,6547.386363636364,78864.93265993266,5500.0,297,270,68,6.575757575757576,7.656565656565657,0.11521899367653334,低活跃度
X066,297,0.011521899367653334,0,6.6632996632996635,6.130751964085297,6.397025813692481,6384.55808080808,76904.25925925926,5500.0,297,268,73,6.6632996632996635,7.356902356902357,0.11521899367653334,低活跃度
G282,297,0.011521899367653334,0,6.488215488215488,6.164421997755331,6.32631874298541,5825.311447811448,70326.29629629629,5000.0,294,255,67,6.488215488215488,7.397306397306397,0.11521899367653334,低活跃度
S295,297,0.011521899367653334,0,6.774410774410774,6.711560044893378,6.742985409652077,6069.156565656565,73282.74074074074,5500.0,293,283,79,6.774410774410774,8.053872053872054,0.11521899367653334,低活跃度
B748,297,0.011521899367653334,0,6.525252525252525,6.043771043771044,6.284511784511785,5182.531144781145,62483.30303030303,4500.0,292,262,62,6.525252525252525,7.252525252525253,0.11521899367653334,低活跃度
A717,297,0.011521899367653334,0,6.481481481481482,6.094276094276094,6.287878787878788,5802.937710437711,69724.47811447812,5000.0,293,267,69,6.481481481481482,7.313131313131313,0.11521899367653334,低活跃度
Y034,297,0.011521899367653334,0,6.481481481481482,6.0634118967452295,6.272446689113356,6016.999158249158,72533.95622895623,5500.0,297,252,69,6.481481481481482,7.276094276094276,0.11521899367653334,低活跃度
T766,297,0.011521899367653334,0,6.491582491582491,6.11672278338945,6.304152637485971,5793.863636363636,69575.18518518518,4500.0,296,280,68,6.491582491582491,7.34006734006734,0.11521899367653334,低活跃度
N476,297,0.011521899367653334,0,6.441077441077441,6.164421997755331,6.302749719416386,5676.372053872054,68412.76094276094,5500.0,297,274,85,6.441077441077441,7.397306397306397,0.11521899367653334,低活跃度
G380,297,0.011521899367653334,0,6.397306397306397,6.071829405162738,6.234567901234568,5742.791245791246,69990.93602693603,4500.0,295,265,64,6.397306397306397,7.286195286195286,0.11521899367653334,低活跃度
P543,297,0.011521899367653334,0,6.4713804713804715,6.1419753086419755,6.3066778900112235,6517.242424242424,78385.36026936027,5500.0,297,266,57,6.4713804713804715,7.37037037037037,0.11521899367653334,低活跃度
D490,297,0.011521899367653334,0,6.488215488215488,6.257014590347923,6.3726150392817065,5320.513468013468,64420.23569023569,4500.0,296,264,68,6.488215488215488,7.508417508417509,0.11521899367653334,低活跃度
M108,297,0.011521899367653334,0,6.414141414141414,6.313131313131313,6.363636363636363,5813.3249158249155,70194.24242424243,5000.0,296,261,62,6.414141414141414,7.575757575757576,0.11521899367653334,低活跃度
F659,297,0.011521899367653334,0,6.525252525252525,5.942760942760943,6.234006734006734,5890.315656565656,70735.97643097643,5500.0,295,252,67,6.525252525252525,7.1313131313131315,0.11521899367653334,低活跃度
V829,297,0.011521899367653334,0,6.609427609427609,6.074635241301908,6.342031425364758,5612.592592592592,67516.09427609427,4893.75,296,264,68,6.609427609427609,7.28956228956229,0.11521899367653334,低活跃度
K132,297,0.011521899367653334,0,6.585858585858586,6.3832772166105505,6.484567901234568,6572.268518518518,79096.17845117845,5500.0,297,273,60,6.585858585858586,7.65993265993266,0.11521899367653334,低活跃度
C070,297,0.011521899367653334,0,6.454545454545454,6.214927048260382,6.334736251402918,7350.210437710438,97774.91582491582,5500.0,293,257,63,6.454545454545454,7.457912457912458,0.11521899367653334,低活跃度
D881,296,0.011483105093688172,0,6.486486486486487,6.100788288288288,6.293637387387387,5249.5059121621625,63010.96283783784,4500.0,296,259,63,6.486486486486487,7.320945945945946,0.11483105093688173,低活跃度
R775,296,0.011483105093688172,0,6.4391891891891895,6.083896396396396,6.261542792792793,4994.691722972973,60166.03040540541,4500.0,294,254,64,6.4391891891891895,7.300675675675675,0.11483105093688173,低活跃度
P623,296,0.011483105093688172,0,6.635135135135135,6.2274774774774775,6.431306306306307,5865.936655405405,70585.49662162163,5250.0,296,263,72,6.635135135135135,7.472972972972973,0.11483105093688173,低活跃度
O641,296,0.011483105093688172,0,6.52027027027027,6.337274774774775,6.4287725225225225,6546.304898648648,79227.95608108108,5500.0,292,265,66,6.52027027027027,7.60472972972973,0.11483105093688173,低活跃度
D821,296,0.011483105093688172,0,6.516891891891892,6.427364864864865,6.472128378378378,6806.772804054054,82720.125,6000.0,295,274,76,6.516891891891892,7.712837837837838,0.11483105093688173,低活跃度
P851,296,0.011483105093688172,0,6.6858108108108105,6.1542792792792795,6.420045045045045,6242.250844594595,75614.7804054054,5500.0,293,260,64,6.6858108108108105,7.385135135135135,0.11483105093688173,低活跃度
Y359,296,0.011483105093688172,0,6.496621621621622,6.269707207207207,6.383164414414415,5567.3690878378375,66952.01013513513,5000.0,296,269,72,6.496621621621622,7.523648648648648,0.11483105093688173,低活跃度
I730,296,0.011483105093688172,0,6.787162162162162,6.554054054054054,6.670608108108108,8103.445945945946,98324.12162162163,6500.0,296,274,71,6.787162162162162,7.864864864864865,0.11483105093688173,低活跃度
B729,296,0.011483105093688172,0,6.60472972972973,6.230292792792793,6.417511261261261,6036.241554054054,72804.83108108108,5500.0,296,249,64,6.60472972972973,7.476351351351352,0.11483105093688173,低活跃度
O344,296,0.011483105093688172,0,6.39527027027027,6.036036036036037,6.215653153153153,6717.246621621622,80811.35135135135,5500.0,295,266,70,6.39527027027027,7.243243243243243,0.11483105093688173,低活跃度
D051,296,0.011483105093688172,0,6.530405405405405,6.157094594594595,6.34375,5866.220439189189,70507.82094594595,5500.0,284,274,70,6.530405405405405,7.388513513513513,0.11483105093688173,低活跃度
R251,296,0.011483105093688172,0,6.35472972972973,6.092342342342342,6.223536036036037,5351.236486486487,64280.71621621621,4650.0,295,276,70,6.35472972972973,7.3108108108108105,0.11483105093688173,低活跃度
S124,296,0.011483105093688172,0,6.516891891891892,6.148648648648648,6.33277027027027,5148.247466216216,61829.64527027027,4500.0,295,246,58,6.516891891891892,7.378378378378378,0.11483105093688173,低活跃度
M907,296,0.011483105093688172,0,6.510135135135135,6.0191441441441444,6.26463963963964,5464.983108108108,65701.41891891892,5000.0,296,252,62,6.510135135135135,7.222972972972973,0.11483105093688173,低活跃度
Y531,296,0.011483105093688172,0,6.523648648648648,6.2725225225225225,6.398085585585585,5990.396959459459,71945.57432432432,5500.0,296,254,68,6.523648648648648,7.527027027027027,0.11483105093688173,低活跃度
F469,296,0.011483105093688172,0,6.570945945945946,6.385135135135135,6.47804054054054,5791.655405405405,69535.33783783784,5500.0,296,263,61,6.570945945945946,7.662162162162162,0.11483105093688173,低活跃度
M060,296,0.011483105093688172,0,6.574324324324325,6.348536036036037,6.46143018018018,5999.987331081081,72114.71283783784,5500.0,296,278,73,6.574324324324325,7.618243243243243,0.11483105093688173,低活跃度
B873,296,0.011483105093688172,0,6.513513513513513,6.196509009009009,6.355011261261261,5581.646959459459,67155.43918918919,4000.0,295,258,67,6.513513513513513,7.4358108108108105,0.11483105093688173,低活跃度
G575,296,0.011483105093688172,0,6.361486486486487,5.976914414414415,6.16920045045045,4853.804898648648,58289.5777027027,4000.0,296,254,67,6.361486486486487,7.172297297297297,0.11483105093688173,低活跃度
Z731,296,0.011483105093688172,0,6.668918918918919,6.354166666666666,6.511542792792793,5904.497466216216,70909.71283783784,5000.0,294,274,63,6.668918918918919,7.625,0.11483105093688173,低活跃度
Y532,296,0.011483105093688172,0,6.4425675675675675,5.743243243243243,6.092905405405405,5776.251689189189,69600.49324324324,5500.0,292,280,63,6.4425675675675675,6.891891891891892,0.11483105093688173,低活跃度
S500,296,0.011483105093688172,0,6.733108108108108,6.241554054054054,6.487331081081081,8052.639358108108,97863.09121621621,7000.0,296,280,79,6.733108108108108,7.489864864864865,0.11483105093688173,低活跃度
P548,296,0.011483105093688172,0,6.554054054054054,5.943130630630631,6.248592342342342,6034.413006756757,73130.86148648648,5500.0,294,265,69,6.554054054054054,7.131756756756757,0.11483105093688173,低活跃度
Y434,296,0.011483105093688172,0,6.672297297297297,6.1542792792792795,6.413288288288288,5680.629222972973,68405.72635135135,5000.0,295,268,69,6.672297297297297,7.385135135135135,0.11483105093688173,低活跃度
L086,296,0.011483105093688172,0,6.533783783783784,6.390765765765766,6.462274774774775,5968.940033783784,71683.02364864865,5500.0,284,272,64,6.533783783783784,7.668918918918919,0.11483105093688173,低活跃度
B574,296,0.011483105093688172,0,6.489864864864865,6.145833333333334,6.3178490990990985,5977.9011824324325,71851.36824324324,5500.0,296,266,64,6.489864864864865,7.375,0.11483105093688173,低活跃度
C815,296,0.011483105093688172,0,6.516891891891892,6.010698198198199,6.263795045045045,5614.324324324324,67505.33783783784,4500.0,296,265,64,6.516891891891892,7.212837837837838,0.11483105093688173,低活跃度
L802,296,0.011483105093688172,0,6.493243243243243,6.134572072072072,6.313907657657658,5681.621621621622,68505.47297297297,4500.0,296,247,63,6.493243243243243,7.361486486486487,0.11483105093688173,低活跃度
R988,296,0.011483105093688172,0,6.41554054054054,5.923423423423423,6.169481981981982,6015.655405405405,72209.82432432432,5500.0,296,249,56,6.41554054054054,7.108108108108108,0.11483105093688173,低活跃度
W055,296,0.011483105093688172,0,6.550675675675675,5.971283783783784,6.26097972972973,5672.166385135135,68544.03716216216,4500.0,295,271,66,6.550675675675675,7.16554054054054,0.11483105093688173,低活跃度
Y495,296,0.011483105093688172,0,6.675675675675675,6.6891891891891895,6.6824324324324325,6303.59375,75975.89527027027,5500.0,295,280,77,6.675675675675675,8.027027027027026,0.11483105093688173,低活跃度
B455,296,0.011483105093688172,0,6.4324324324324325,6.151463963963963,6.291948198198199,5209.239864864865,62597.02702702703,4500.0,280,248,59,6.4324324324324325,7.381756756756757,0.11483105093688173,低活跃度
F958,296,0.011483105093688172,0,6.570945945945946,6.1542792792792795,6.362612612612613,5653.885135135135,67846.62162162163,5000.0,294,269,69,6.570945945945946,7.385135135135135,0.11483105093688173,低活跃度
F554,296,0.011483105093688172,0,6.493243243243243,6.11204954954955,6.302646396396396,6511.625844594595,78637.82094594595,5500.0,296,264,63,6.493243243243243,7.33445945945946,0.11483105093688173,低活跃度
V404,296,0.011483105093688172,0,6.510135135135135,6.328828828828828,6.419481981981982,5850.477195945946,70582.41554054055,5500.0,295,263,76,6.510135135135135,7.594594594594595,0.11483105093688173,低活跃度
E057,296,0.011483105093688172,0,6.58445945945946,6.176801801801801,6.380630630630631,5755.168918918919,69393.1081081081,5500.0,294,271,67,6.58445945945946,7.412162162162162,0.11483105093688173,低活跃度
U192,296,0.011483105093688172,0,6.72972972972973,6.354166666666666,6.541948198198199,6573.9746621621625,79413.03378378379,5500.0,295,271,66,6.72972972972973,7.625,0.11483105093688173,低活跃度
M247,296,0.011483105093688172,0,6.628378378378378,6.140202702702703,6.38429054054054,6791.25,81814.25675675676,5500.0,295,276,66,6.628378378378378,7.368243243243243,0.11483105093688173,低活跃度
C144,296,0.011483105093688172,0,6.466216216216216,6.013513513513513,6.239864864864865,5782.263513513513,69434.45945945945,5250.0,296,251,60,6.466216216216216,7.216216216216216,0.11483105093688173,低活跃度
E416,296,0.011483105093688172,0,6.547297297297297,6.190878378378378,6.369087837837838,6431.868243243243,77777.01351351352,5500.0,296,254,68,6.547297297297297,7.429054054054054,0.11483105093688173,低活跃度
B474,296,0.011483105093688172,0,6.608108108108108,6.137387387387387,6.372747747747748,5718.251689189189,68718.68243243243,5000.0,291,261,70,6.608108108108108,7.364864864864865,0.11483105093688173,低活跃度
B674,296,0.011483105093688172,0,6.516891891891892,6.128941441441442,6.322916666666666,6603.458614864865,79292.17905405405,5500.0,296,256,65,6.516891891891892,7.35472972972973,0.11483105093688173,低活跃度
A845,296,0.011483105093688172,0,6.408783783783784,6.171171171171172,6.2899774774774775,5544.5988175675675,67651.73986486487,4500.0,289,255,66,6.408783783783784,7.405405405405405,0.11483105093688173,低活跃度
R635,296,0.011483105093688172,0,6.537162162162162,6.204954954954955,6.371058558558558,5573.433277027027,67203.83445945945,5500.0,294,251,68,6.537162162162162,7.445945945945946,0.11483105093688173,低活跃度
W396,296,0.011483105093688172,0,6.41554054054054,6.106418918918919,6.26097972972973,6189.945101351352,74424.61148648648,5000.0,291,272,72,6.41554054054054,7.327702702702703,0.11483105093688173,低活跃度
K294,296,0.011483105093688172,0,6.486486486486487,6.224662162162162,6.355574324324325,6211.247466216216,75121.11824324324,5500.0,294,259,62,6.486486486486487,7.469594594594595,0.11483105093688173,低活跃度
O576,296,0.011483105093688172,0,6.58445945945946,6.126126126126126,6.355292792792793,5917.314189189189,71455.4054054054,5500.0,283,260,67,6.58445945945946,7.351351351351352,0.11483105093688173,低活跃度
Q821,296,0.011483105093688172,0,6.388513513513513,6.114864864864865,6.2516891891891895,5225.295608108108,62818.41216216216,4500.0,289,261,69,6.388513513513513,7.337837837837838,0.11483105093688173,低活跃度
S764,296,0.011483105093688172,0,6.47972972972973,6.219031531531531,6.349380630630631,5083.378378378378,61167.77027027027,4000.0,295,272,62,6.47972972972973,7.462837837837838,0.11483105093688173,低活跃度
W657,296,0.011483105093688172,0,6.516891891891892,6.120495495495495,6.318693693693693,5996.435810810811,72166.68918918919,5500.0,294,266,72,6.516891891891892,7.344594594594595,0.11483105093688173,低活跃度
V042,296,0.011483105093688172,0,6.506756756756757,6.11204954954955,6.309403153153153,5236.4315878378375,62982.44932432433,4500.0,294,242,68,6.506756756756757,7.33445945945946,0.11483105093688173,低活跃度
L161,296,0.011483105093688172,0,6.530405405405405,6.190878378378378,6.360641891891892,5976.8074324324325,71981.82432432432,5500.0,296,262,76,6.530405405405405,7.429054054054054,0.11483105093688173,低活跃度
K909,296,0.011483105093688172,0,6.54054054054054,6.190878378378378,6.36570945945946,6402.7449324324325,77604.89864864865,5500.0,292,265,73,6.54054054054054,7.429054054054054,0.11483105093688173,低活跃度
E956,295,0.01144431081972301,0,6.5423728813559325,6.175141242937853,6.358757062146893,6024.6016949152545,72549.45762711864,5500.0,295,264,71,6.5423728813559325,7.410169491525424,0.1144431081972301,低活跃度
S732,295,0.01144431081972301,0,6.877966101694915,6.711864406779661,6.794915254237288,7660.8042372881355,93826.26101694915,6500.0,294,274,77,6.877966101694915,8.054237288135592,0.1144431081972301,低活跃度
I426,295,0.01144431081972301,0,6.4271186440677965,6.0423728813559325,6.2347457627118645,5654.843220338983,67971.67796610169,5500.0,294,271,66,6.4271186440677965,7.250847457627119,0.1144431081972301,低活跃度
N737,295,0.01144431081972301,0,6.569491525423729,6.031073446327684,6.300282485875706,5957.563559322034,71834.83050847458,5500.0,292,270,65,6.569491525423729,7.237288135593221,0.1144431081972301,低活跃度
S655,295,0.01144431081972301,0,6.640677966101695,6.6158192090395485,6.628248587570622,6576.45,79278.41694915254,5500.0,295,280,71,6.640677966101695,7.938983050847457,0.1144431081972301,低活跃度
P353,295,0.01144431081972301,0,6.454237288135594,6.231638418079096,6.342937853107345,5652.795762711864,67886.09152542373,5000.0,295,255,63,6.454237288135594,7.477966101694915,0.1144431081972301,低活跃度
T818,295,0.01144431081972301,0,6.508474576271187,6.3192090395480225,6.413841807909605,5989.73813559322,71973.46779661017,5500.0,295,263,65,6.508474576271187,7.583050847457627,0.1144431081972301,低活跃度
G691,295,0.01144431081972301,0,6.501694915254237,6.194915254237288,6.348305084745762,5269.983050847458,63695.72881355932,4500.0,294,261,71,6.501694915254237,7.433898305084746,0.1144431081972301,低活跃度
S546,295,0.01144431081972301,0,6.3830508474576275,5.93502824858757,6.159039548022599,5103.9915254237285,61439.42372881356,4500.0,283,262,62,6.3830508474576275,7.122033898305085,0.1144431081972301,低活跃度
W805,295,0.01144431081972301,0,6.498305084745763,6.090395480225989,6.294350282485875,6272.89406779661,76235.74576271187,5500.0,294,259,73,6.498305084745763,7.308474576271187,0.1144431081972301,低活跃度
C354,295,0.01144431081972301,0,6.437288135593221,6.322033898305085,6.379661016949153,5097.3347457627115,61454.457627118645,4500.0,294,238,66,6.437288135593221,7.5864406779661016,0.1144431081972301,低活跃度
I485,295,0.01144431081972301,0,6.647457627118644,6.327683615819209,6.487570621468926,6161.0389830508475,74552.80677966101,5500.0,294,274,67,6.647457627118644,7.593220338983051,0.1144431081972301,低活跃度
V883,295,0.01144431081972301,0,6.555932203389831,6.322033898305085,6.438983050847457,5912.85593220339,71401.72881355933,5500.0,293,267,67,6.555932203389831,7.5864406779661016,0.1144431081972301,低活跃度
B470,295,0.01144431081972301,0,6.68135593220339,6.2175141242937855,6.449435028248588,7234.60593220339,87786.45762711864,6500.0,292,282,79,6.68135593220339,7.461016949152542,0.1144431081972301,低活跃度
O776,295,0.01144431081972301,0,6.501694915254237,6.002824858757062,6.25225988700565,6193.669491525424,74856.2372881356,5050.0,294,266,76,6.501694915254237,7.203389830508475,0.1144431081972301,低活跃度
X673,295,0.01144431081972301,0,6.4271186440677965,6.008474576271187,6.217796610169492,6553.877118644068,78890.59322033898,5500.0,295,274,66,6.4271186440677965,7.2101694915254235,0.1144431081972301,低活跃度
R494,295,0.01144431081972301,0,6.498305084745763,6.073446327683616,6.285875706214689,5822.722881355932,70001.48813559322,5500.0,295,272,59,6.498305084745763,7.288135593220339,0.1144431081972301,低活跃度
R105,295,0.01144431081972301,0,6.423728813559322,6.463276836158192,6.443502824858757,5395.6949152542375,65063.59322033898,4500.0,295,272,64,6.423728813559322,7.755932203389831,0.1144431081972301,低活跃度
J532,295,0.01144431081972301,0,6.5728813559322035,5.9858757062146895,6.279378531073447,5532.766949152542,66557.61016949153,5000.0,291,240,60,6.5728813559322035,7.183050847457627,0.1144431081972301,低活跃度
L977,295,0.01144431081972301,0,6.447457627118644,6.15819209039548,6.302824858757062,5280.271186440678,63736.13559322034,4500.0,292,246,65,6.447457627118644,7.389830508474576,0.1144431081972301,低活跃度
V625,295,0.01144431081972301,0,6.4576271186440675,6.251412429378531,6.354519774011299,5705.707627118644,68548.15254237287,5500.0,295,255,61,6.4576271186440675,7.501694915254237,0.1144431081972301,低活跃度
G904,295,0.01144431081972301,0,6.464406779661017,5.994350282485875,6.229378531073446,6203.360169491525,74842.01694915254,5500.0,294,233,61,6.464406779661017,7.193220338983051,0.1144431081972301,低活跃度
K845,295,0.01144431081972301,0,6.583050847457627,6.46045197740113,6.521751412429379,6384.533898305085,77146.61016949153,5500.0,295,276,68,6.583050847457627,7.752542372881356,0.1144431081972301,低活跃度
O621,295,0.01144431081972301,0,6.633898305084746,6.214689265536723,6.424293785310735,6132.021186440678,73918.15254237287,5500.0,293,268,75,6.633898305084746,7.4576271186440675,0.1144431081972301,低活跃度
I345,295,0.01144431081972301,0,6.579661016949153,6.200564971751413,6.390112994350282,5472.881355932203,65771.18644067796,5000.0,288,265,71,6.579661016949153,7.440677966101695,0.1144431081972301,低活跃度
Y770,295,0.01144431081972301,0,6.552542372881356,6.268361581920904,6.41045197740113,5945.368644067797,71378.32203389831,5500.0,295,246,68,6.552542372881356,7.522033898305085,0.1144431081972301,低活跃度
E072,294,0.011405516545757846,0,6.462585034013605,6.020408163265306,6.241496598639456,5875.2125850340135,71213.43537414966,5500.0,287,262,68,6.462585034013605,7.224489795918367,0.11405516545757846,低活跃度
S750,294,0.011405516545757846,0,6.3979591836734695,5.9353741496598635,6.166666666666667,5584.68537414966,67070.6462585034,5000.0,294,253,69,6.3979591836734695,7.122448979591836,0.11405516545757846,低活跃度
N914,294,0.011405516545757846,0,6.418367346938775,6.119614512471656,6.2689909297052155,5596.653911564626,67290.79931972788,4500.0,292,255,65,6.418367346938775,7.343537414965986,0.11405516545757846,低活跃度
H696,294,0.011405516545757846,0,6.51360544217687,6.278344671201814,6.395975056689343,5716.760204081633,68847.72108843537,5300.0,292,261,63,6.51360544217687,7.534013605442177,0.11405516545757846,低活跃度
N273,294,0.011405516545757846,0,6.551020408163265,6.204648526077098,6.377834467120181,6657.329931972789,80600.54421768707,5500.0,294,240,69,6.551020408163265,7.445578231292517,0.11405516545757846,低活跃度
I219,294,0.011405516545757846,0,6.574829931972789,6.156462585034014,6.365646258503402,5877.946428571428,70671.41156462584,5000.0,294,254,59,6.574829931972789,7.387755102040816,0.11405516545757846,低活跃度
J722,294,0.011405516545757846,0,6.48639455782313,6.159297052154194,6.322845804988662,5000.391156462585,60004.69387755102,4500.0,288,271,62,6.48639455782313,7.391156462585034,0.11405516545757846,低活跃度
I705,294,0.011405516545757846,0,6.5,6.062925170068027,6.281462585034014,5689.481292517007,68391.12244897959,5000.0,293,257,52,6.5,7.275510204081633,0.11405516545757846,低活跃度
D767,294,0.011405516545757846,0,6.561224489795919,6.096938775510204,6.329081632653061,5848.622448979592,70571.22448979592,5500.0,293,266,68,6.561224489795919,7.316326530612245,0.11405516545757846,低活跃度
G022,294,0.011405516545757846,0,6.5646258503401365,6.108276643990929,6.336451247165533,5699.7959183673465,68501.2925170068,5000.0,292,252,63,6.5646258503401365,7.329931972789115,0.11405516545757846,低活跃度
Q598,294,0.011405516545757846,0,6.442176870748299,6.303854875283446,6.3730158730158735,6148.1122448979595,74030.74829931973,5500.0,293,248,70,6.442176870748299,7.5646258503401365,0.11405516545757846,低活跃度
J232,294,0.011405516545757846,0,6.445578231292517,5.941043083900227,6.1933106575963714,5775.973639455782,69388.21428571429,5500.0,293,267,67,6.445578231292517,7.129251700680272,0.11405516545757846,低活跃度
Q828,294,0.011405516545757846,0,6.401360544217687,6.054421768707483,6.227891156462585,5946.981292517007,71692.0068027211,5000.0,294,265,67,6.401360544217687,7.26530612244898,0.11405516545757846,低活跃度
G065,294,0.011405516545757846,0,6.4727891156462585,6.181972789115647,6.3273809523809526,5446.109693877551,65448.554421768706,5000.0,293,268,67,6.4727891156462585,7.418367346938775,0.11405516545757846,低活跃度
O525,294,0.011405516545757846,0,6.653061224489796,6.505102040816326,6.579081632653061,8524.056972789116,104754.6700680272,7000.0,294,280,76,6.653061224489796,7.8061224489795915,0.11405516545757846,低活跃度
Z581,294,0.011405516545757846,0,6.4727891156462585,6.173469387755102,6.3231292517006805,5977.372448979592,71886.63265306123,5500.0,293,271,76,6.4727891156462585,7.408163265306122,0.11405516545757846,低活跃度
W029,294,0.011405516545757846,0,6.431972789115647,6.156462585034014,6.29421768707483,5258.618197278912,63329.60884353742,4500.0,291,249,67,6.431972789115647,7.387755102040816,0.11405516545757846,低活跃度
R761,294,0.011405516545757846,0,6.5476190476190474,6.340702947845806,6.444160997732426,5386.989795918367,64924.489795918365,4500.0,294,248,67,6.5476190476190474,7.608843537414966,0.11405516545757846,低活跃度
B383,294,0.011405516545757846,0,6.5476190476190474,6.139455782312925,6.343537414965986,6595.789115646258,79496.40816326531,5500.0,293,253,60,6.5476190476190474,7.36734693877551,0.11405516545757846,低活跃度
Z450,294,0.011405516545757846,0,6.479591836734694,6.267006802721088,6.3732993197278915,6215.216836734694,74807.09183673469,5500.0,294,268,67,6.479591836734694,7.520408163265306,0.11405516545757846,低活跃度
U072,293,0.011366722271792683,0,6.590443686006826,6.040955631399317,6.315699658703072,6722.1450511945395,81088.94880546075,5500.0,285,259,65,6.590443686006826,7.249146757679181,0.11366722271792683,低活跃度
J130,293,0.011366722271792683,0,6.494880546075085,5.992605233219567,6.243742889647327,5734.116894197952,69012.47440273038,5000.0,293,269,67,6.494880546075085,7.191126279863481,0.11366722271792683,低活跃度
G378,293,0.011366722271792683,0,6.488054607508532,5.989761092150171,6.238907849829351,6330.938566552901,76170.92150170649,5500.0,292,253,63,6.488054607508532,7.187713310580205,0.11366722271792683,低活跃度
S668,293,0.011366722271792683,0,6.395904436860068,6.094994311717861,6.245449374288965,5841.042662116041,70351.8976109215,4500.0,290,254,66,6.395904436860068,7.313993174061434,0.11366722271792683,低活跃度
H574,293,0.011366722271792683,0,6.467576791808874,6.131968145620023,6.299772468714448,5643.732935153584,68002.95221843003,5000.0,293,258,68,6.467576791808874,7.3583617747440275,0.11366722271792683,低活跃度
J565,293,0.011366722271792683,0,6.426621160409557,6.399317406143345,6.412969283276451,5451.190273037542,65595.17064846416,5000.0,293,250,65,6.426621160409557,7.679180887372014,0.11366722271792683,低活跃度
S198,293,0.011366722271792683,0,6.675767918088737,6.294084186575654,6.484926052332195,6584.816552901024,79847.15017064847,5500.0,292,265,69,6.675767918088737,7.552901023890785,0.11366722271792683,低活跃度
J037,293,0.011366722271792683,0,6.399317406143345,5.964163822525597,6.181740614334471,6411.540102389078,77155.204778157,5500.0,289,252,64,6.399317406143345,7.156996587030717,0.11366722271792683,低活跃度
B623,293,0.011366722271792683,0,6.436860068259386,6.222980659840728,6.329920364050057,6390.337030716723,77021.92832764504,5000.0,278,248,69,6.436860068259386,7.467576791808874,0.11366722271792683,低活跃度
J674,293,0.011366722271792683,0,6.535836177474403,6.265642775881683,6.400739476678043,6219.146757679181,74788.46416382253,5500.0,293,258,60,6.535836177474403,7.51877133105802,0.11366722271792683,低活跃度
L015,293,0.011366722271792683,0,6.412969283276451,6.023890784982935,6.2184300341296925,6188.276450511946,74487.98634812287,5500.0,292,227,63,6.412969283276451,7.228668941979522,0.11366722271792683,低活跃度
M697,293,0.011366722271792683,0,6.546075085324232,6.117747440273037,6.331911262798635,5768.32337883959,69443.43003412969,5500.0,293,272,74,6.546075085324232,7.341296928327645,0.11366722271792683,低活跃度
Q985,293,0.011366722271792683,0,6.638225255972697,6.311149032992037,6.474687144482366,6170.445392491468,74494.15017064847,5500.0,293,279,65,6.638225255972697,7.573378839590443,0.11366722271792683,低活跃度
K389,293,0.011366722271792683,0,6.539249146757679,6.390784982935154,6.465017064846417,5891.668088737201,70962.8156996587,5500.0,279,273,65,6.539249146757679,7.6689419795221845,0.11366722271792683,低活跃度
B055,293,0.011366722271792683,0,6.511945392491468,6.3310580204778155,6.421501706484642,5877.581058020478,70619.70989761093,5500.0,293,248,65,6.511945392491468,7.597269624573379,0.11366722271792683,低活跃度
S808,293,0.011366722271792683,0,6.590443686006826,6.368031854379977,6.479237770193402,5851.168941979522,70864.19795221843,5000.0,293,269,70,6.590443686006826,7.6416382252559725,0.11366722271792683,低活跃度
T739,293,0.011366722271792683,0,6.563139931740614,5.995449374288965,6.279294653014789,5475.3071672354945,65992.0819112628,4500.0,290,262,50,6.563139931740614,7.194539249146757,0.11366722271792683,低活跃度
N780,292,0.01132792799782752,0,6.455479452054795,6.335616438356165,6.39554794520548,5357.448630136986,64354.45205479452,4500.0,291,248,63,6.455479452054795,7.602739726027397,0.1132792799782752,低活跃度
K628,292,0.01132792799782752,0,6.660958904109589,6.2243150684931505,6.44263698630137,6172.495719178082,74523.71575342465,5500.0,291,256,55,6.660958904109589,7.469178082191781,0.1132792799782752,低活跃度
Z463,292,0.01132792799782752,0,6.489726027397261,6.093036529680366,6.291381278538813,4715.41095890411,56694.520547945205,4500.0,292,264,65,6.489726027397261,7.311643835616438,0.1132792799782752,低活跃度
M101,292,0.01132792799782752,0,6.476027397260274,6.127283105022832,6.301655251141552,5597.478595890411,67313.57876712328,4500.0,291,254,59,6.476027397260274,7.352739726027397,0.1132792799782752,低活跃度
V754,292,0.01132792799782752,0,6.476027397260274,6.144406392694064,6.310216894977168,5609.494863013699,67363.59589041096,4750.0,283,245,66,6.476027397260274,7.373287671232877,0.1132792799782752,低活跃度
B736,292,0.01132792799782752,0,6.445205479452055,6.0644977168949765,6.254851598173516,5664.3835616438355,68297.94520547945,5000.0,285,265,69,6.445205479452055,7.277397260273973,0.1132792799782752,低活跃度
H913,292,0.01132792799782752,0,6.455479452054795,6.138698630136986,6.297089041095891,5927.2131849315065,71304.6404109589,5500.0,292,266,66,6.455479452054795,7.366438356164384,0.1132792799782752,低活跃度
A685,292,0.01132792799782752,0,6.3561643835616435,5.8590182648401825,6.107591324200913,5847.303082191781,70285.78767123287,5000.0,292,257,63,6.3561643835616435,7.030821917808219,0.1132792799782752,低活跃度
U561,292,0.01132792799782752,0,6.493150684931507,5.953196347031963,6.223173515981736,5698.416095890411,68423.80136986301,5000.0,290,256,67,6.493150684931507,7.1438356164383565,0.1132792799782752,低活跃度
B608,292,0.01132792799782752,0,6.61986301369863,6.08162100456621,6.3507420091324205,6530.012842465753,78706.04452054795,5500.0,292,259,67,6.61986301369863,7.2979452054794525,0.1132792799782752,低活跃度
G328,292,0.01132792799782752,0,6.4520547945205475,6.053082191780822,6.252568493150685,5310.423801369863,63797.00342465754,4500.0,292,265,68,6.4520547945205475,7.263698630136986,0.1132792799782752,低活跃度
X798,292,0.01132792799782752,0,6.541095890410959,6.258561643835616,6.399828767123288,6414.534246575343,77923.04109589041,5500.0,291,244,74,6.541095890410959,7.510273972602739,0.1132792799782752,低活跃度
J470,292,0.01132792799782752,0,6.428082191780822,6.36986301369863,6.398972602739726,6033.471746575343,72511.25,5500.0,275,252,68,6.428082191780822,7.6438356164383565,0.1132792799782752,低活跃度
C675,291,0.011289133723862359,0,6.487972508591065,5.985108820160367,6.236540664375716,5662.920103092783,68324.45704467355,4500.0,291,266,69,6.487972508591065,7.18213058419244,0.11289133723862359,低活跃度
S413,291,0.011289133723862359,0,6.4673539518900345,6.463344788087056,6.465349369988545,5593.178694158076,67162.81786941581,5000.0,281,250,71,6.4673539518900345,7.756013745704467,0.11289133723862359,低活跃度
R083,291,0.011289133723862359,0,6.405498281786942,6.308705612829324,6.357101947308133,5484.471649484536,66220.8762886598,4500.0,291,245,62,6.405498281786942,7.570446735395189,0.11289133723862359,低活跃度
Q531,291,0.011289133723862359,0,6.470790378006873,6.2399770904925544,6.355383734249714,6402.023195876289,77405.03436426117,5500.0,290,269,66,6.470790378006873,7.487972508591065,0.11289133723862359,低活跃度
Y784,291,0.011289133723862359,0,6.453608247422681,6.156930126002291,6.3052691867124855,5347.68470790378,64326.85567010309,4500.0,291,249,60,6.453608247422681,7.3883161512027495,0.11289133723862359,低活跃度
C326,291,0.011289133723862359,0,6.584192439862543,6.142611683848798,6.36340206185567,5963.492268041237,71872.90378006872,5500.0,291,267,64,6.584192439862543,7.371134020618556,0.11289133723862359,低活跃度
L623,291,0.011289133723862359,0,6.357388316151202,6.04524627720504,6.201317296678122,5680.545532646048,68254.17525773196,4893.75,291,252,64,6.357388316151202,7.254295532646048,0.11289133723862359,低活跃度
W665,291,0.011289133723862359,0,6.505154639175258,6.268613974799542,6.386884306987399,6390.945017182131,77040.13745704468,6000.0,288,238,56,6.505154639175258,7.52233676975945,0.11289133723862359,低活跃度
R230,291,0.011289133723862359,0,6.587628865979381,6.116838487972508,6.352233676975945,5915.120274914089,71209.96563573883,5500.0,290,271,68,6.587628865979381,7.34020618556701,0.11289133723862359,低活跃度
O323,291,0.011289133723862359,0,6.470790378006873,6.171248568155784,6.321019473081329,5490.996563573884,66115.3264604811,5000.0,289,257,67,6.470790378006873,7.405498281786942,0.11289133723862359,低活跃度
D460,290,0.011250339449897196,0,6.651724137931034,6.272988505747127,6.4623563218390805,6988.275862068966,84428.27586206897,5500.0,289,238,55,6.651724137931034,7.527586206896552,0.11250339449897195,低活跃度
D832,290,0.011250339449897196,0,6.482758620689655,6.152298850574713,6.317528735632184,5606.175,67451.68620689656,5000.0,290,270,75,6.482758620689655,7.382758620689655,0.11250339449897195,低活跃度
W405,290,0.011250339449897196,0,6.482758620689655,5.824712643678161,6.153735632183908,6123.604310344827,74240.14827586207,5500.0,290,254,63,6.482758620689655,6.989655172413793,0.11250339449897195,低活跃度
A295,290,0.011250339449897196,0,6.427586206896552,6.255747126436781,6.341666666666667,5473.3448275862065,66237.03448275862,4500.0,289,256,68,6.427586206896552,7.506896551724138,0.11250339449897195,低活跃度
Z347,290,0.011250339449897196,0,6.596551724137931,6.347701149425287,6.472126436781609,6545.323275862069,79012.8448275862,5500.0,290,246,64,6.596551724137931,7.617241379310345,0.11250339449897195,低活跃度
E174,290,0.011250339449897196,0,6.410344827586207,5.974137931034483,6.192241379310345,6148.275862068966,73991.37931034483,5500.0,277,250,69,6.410344827586207,7.1689655172413795,0.11250339449897195,低活跃度
A497,290,0.011250339449897196,0,6.396551724137931,6.063218390804598,6.2298850574712645,5471.448275862069,66153.93103448275,4500.0,290,248,64,6.396551724137931,7.275862068965517,0.11250339449897195,低活跃度
B733,289,0.011211545175932033,0,6.709342560553633,6.482122260668973,6.595732410611304,6924.995674740484,83956.34948096886,6000.0,289,271,70,6.709342560553633,7.778546712802768,0.11211545175932033,低活跃度
R646,289,0.011211545175932033,0,6.356401384083045,5.951557093425605,6.153979238754325,5348.724048442907,64298.87543252595,4500.0,282,252,66,6.356401384083045,7.141868512110727,0.11211545175932033,低活跃度
U555,289,0.011211545175932033,0,6.460207612456747,6.075547866205305,6.267877739331027,5570.856401384083,67142.66435986159,5000.0,287,237,64,6.460207612456747,7.290657439446367,0.11211545175932033,低活跃度
B369,289,0.011211545175932033,0,6.366782006920415,5.977508650519031,6.172145328719723,6258.179065743944,75259.04844290657,5500.0,284,244,65,6.366782006920415,7.173010380622838,0.11211545175932033,低活跃度
P512,288,0.01117275090196687,0,6.833333333333333,6.255787037037037,6.544560185185185,6834.752604166667,82261.82291666667,6000.0,288,251,59,6.833333333333333,7.506944444444445,0.1117275090196687,低活跃度
U827,288,0.01117275090196687,0,6.576388888888889,6.3686342592592595,6.4725115740740735,6907.222222222223,83699.16666666667,5500.0,258,262,71,6.576388888888889,7.642361111111111,0.1117275090196687,低活跃度
S335,287,0.011133956628001707,0,6.348432055749129,6.210801393728223,6.279616724738676,6361.91637630662,76907.45644599303,4500.0,276,252,63,6.348432055749129,7.452961672473868,0.11133956628001707,低活跃度
B937,287,0.011133956628001707,0,6.578397212543554,6.167247386759582,6.372822299651568,6099.7168989547035,73497.99651567945,5000.0,287,235,66,6.578397212543554,7.400696864111498,0.11133956628001707,低活跃度
Y788,287,0.011133956628001707,0,6.442508710801394,6.184668989547038,6.313588850174216,5817.765679442508,70090.19163763066,5500.0,287,231,66,6.442508710801394,7.421602787456446,0.11133956628001707,低活跃度
M585,287,0.011133956628001707,0,6.480836236933798,6.065621370499419,6.273228803716609,6586.289198606271,79545.92334494773,5500.0,272,253,70,6.480836236933798,7.2787456445993035,0.11133956628001707,低活跃度
A149,287,0.011133956628001707,0,6.379790940766551,6.001742160278746,6.190766550522648,6254.320557491289,75067.52613240418,5000.0,280,258,60,6.379790940766551,7.2020905923344944,0.11133956628001707,低活跃度
D899,287,0.011133956628001707,0,6.501742160278746,6.085946573751452,6.293844367015098,5873.562717770034,70627.35191637631,5500.0,284,261,71,6.501742160278746,7.303135888501743,0.11133956628001707,低活跃度
O145,287,0.011133956628001707,0,6.445993031358885,6.135307781649245,6.290650406504065,5505.4006968641115,66193.72822299652,5000.0,285,237,67,6.445993031358885,7.362369337979094,0.11133956628001707,低活跃度
S759,286,0.011095162354036544,0,7.111888111888112,6.879370629370629,6.995629370629371,12850.083041958042,156617.08041958042,10750.0,201,265,61,7.111888111888112,8.255244755244755,0.11095162354036543,低活跃度
C023,286,0.011095162354036544,0,6.562937062937063,6.590909090909091,6.576923076923077,5780.979020979021,69459.16083916085,5000.0,284,248,65,6.562937062937063,7.909090909090909,0.11095162354036543,低活跃度
R387,286,0.011095162354036544,0,6.548951048951049,6.217948717948718,6.383449883449884,6198.330419580419,74544.3006993007,5000.0,268,247,65,6.548951048951049,7.461538461538462,0.11095162354036543,低活跃度
K641,286,0.011095162354036544,0,6.629370629370629,6.101398601398602,6.365384615384615,6201.45979020979,74653.53146853147,5500.0,285,235,58,6.629370629370629,7.321678321678322,0.11095162354036543,低活跃度
Z251,285,0.011056368080071382,0,6.564912280701755,6.233918128654971,6.399415204678363,6485.1973684210525,77980.26315789473,5500.0,279,237,61,6.564912280701755,7.480701754385965,0.11056368080071383,低活跃度
U183,284,0.01101757380610622,0,6.380281690140845,5.982981220657277,6.181631455399061,5492.856514084507,66127.30633802817,4500.0,284,262,62,6.380281690140845,7.179577464788732,0.11017573806106219,低活跃度
X246,283,0.010978779532141056,0,6.572438162544169,6.007067137809187,6.289752650176679,7528.255300353357,90402.66784452296,6500.0,263,246,54,6.572438162544169,7.208480565371024,0.10978779532141056,低活跃度
Q027,283,0.010978779532141056,0,6.544169611307421,6.148409893992933,6.3462897526501765,5491.674028268551,66479.59363957598,4500.0,257,245,64,6.544169611307421,7.3780918727915195,0.10978779532141056,低活跃度
L961,283,0.010978779532141056,0,6.222614840989399,5.845111896348646,6.033863368669022,5195.706713780919,62348.48056537103,4000.0,282,258,64,6.222614840989399,7.014134275618375,0.10978779532141056,低活跃度
O309,283,0.010978779532141056,0,6.448763250883392,6.230859835100118,6.339811542991756,5270.300353356891,64100.494699646646,4500.0,282,246,60,6.448763250883392,7.477031802120141,0.10978779532141056,低活跃度
P711,282,0.010939985258175893,0,6.50709219858156,6.190898345153664,6.348995271867612,6920.265957446809,83477.58865248227,6000.0,280,237,63,6.50709219858156,7.429078014184397,0.10939985258175894,低活跃度
F106,282,0.010939985258175893,0,6.340425531914893,5.9781323877068555,6.159278959810875,6536.139184397163,78559.55673758865,5500.0,261,237,62,6.340425531914893,7.173758865248227,0.10939985258175894,低活跃度
C180,281,0.01090119098421073,0,6.476868327402135,5.99644128113879,6.236654804270462,5637.5,67995.19572953737,5000.0,279,256,58,6.476868327402135,7.195729537366548,0.1090119098421073,低活跃度
N629,280,0.010862396710245567,0,6.4071428571428575,6.074404761904762,6.24077380952381,5588.629464285715,67099.26785714286,4500.0,275,247,69,6.4071428571428575,7.289285714285715,0.10862396710245567,低活跃度
S650,280,0.010862396710245567,0,6.439285714285714,6.089285714285714,6.264285714285714,6294.013392857143,75578.16071428571,5000.0,279,244,67,6.439285714285714,7.307142857142857,0.10862396710245567,低活跃度
M738,279,0.010823602436280406,0,6.32258064516129,5.934886499402628,6.12873357228196,5909.9148745519715,70967.36559139784,4500.0,260,237,62,6.32258064516129,7.121863799283154,0.10823602436280405,低活跃度
R246,278,0.010784808162315243,0,6.654676258992806,6.127098321342926,6.390887290167866,7377.769784172662,89038.63309352518,6500.0,261,237,58,6.654676258992806,7.35251798561151,0.10784808162315243,低活跃度
W147,278,0.010784808162315243,0,6.39568345323741,6.142086330935252,6.268884892086331,5945.188848920863,71595.86330935251,5500.0,219,250,59,6.39568345323741,7.370503597122302,0.10784808162315243,低活跃度
P559,277,0.01074601388835008,0,6.628158844765343,6.197352587244284,6.412755716004813,7823.997292418772,94203.85198555957,7000.0,248,236,52,6.628158844765343,7.436823104693141,0.1074601388835008,低活跃度
A195,275,0.010668425340419754,0,6.658181818181818,6.384848484848485,6.5215151515151515,6670.654545454546,80149.67272727273,5500.0,194,255,55,6.658181818181818,7.661818181818182,0.10668425340419754,低活跃度
V996,274,0.01062963106645459,0,6.510948905109489,6.155717761557178,6.333333333333333,5880.944343065694,70896.14963503649,5500.0,184,229,57,6.510948905109489,7.386861313868613,0.10629631066454591,低活跃度
C324,273,0.01059083679248943,0,6.714285714285714,6.34004884004884,6.527167277167277,7418.177655677656,89516.30036630036,6000.0,213,235,62,6.714285714285714,7.608058608058608,0.10590836792489429,低活跃度
A181,271,0.010513248244559103,0,6.874538745387454,6.325338253382534,6.599938499384994,8990.101476014761,108097.0848708487,8000.0,263,227,57,6.874538745387454,7.590405904059041,0.10513248244559104,低活跃度
S297,270,0.01047445397059394,0,6.762962962962963,6.345679012345679,6.554320987654322,6020.125,72445.20370370371,5250.0,173,231,58,6.762962962962963,7.614814814814815,0.1047445397059394,低活跃度
S303,270,0.01047445397059394,0,6.711111111111111,6.598765432098766,6.654938271604938,6081.981481481482,73683.77777777778,5250.0,218,226,61,6.711111111111111,7.9185185185185185,0.1047445397059394,低活跃度
O354,270,0.01047445397059394,0,6.54074074074074,6.246913580246914,6.393827160493827,5466.106481481482,65702.53703703704,4500.0,177,243,48,6.54074074074074,7.496296296296296,0.1047445397059394,低活跃度
F446,263,0.0102028940528378,0,6.4562737642585555,6.032953105196452,6.244613434727503,5872.400190114068,70533.44106463878,4500.0,174,242,53,6.4562737642585555,7.239543726235741,0.102028940528378,低活跃度
H800,255,0.0098925398611165,0,6.752941176470588,6.496732026143791,6.624836601307189,7106.691176470588,85629.3137254902,6000.0,173,209,48,6.752941176470588,7.796078431372549,0.098925398611165,低活跃度
X058,235,0.009116654381813244,0,6.761702127659574,6.287234042553192,6.524468085106383,9385.345744680852,112773.08510638298,8000.0,126,201,38,6.761702127659574,7.54468085106383,0.09116654381813244,低活跃度
V403,225,0.008728711642161617,0,6.306666666666667,6.392592592592592,6.34962962962963,5802.377777777778,70392.97777777778,4500.0,116,203,46,6.306666666666667,7.671111111111111,0.08728711642161617,低活跃度
D210,224,0.008689917368196454,0,6.776785714285714,6.428571428571429,6.602678571428571,6063.883928571428,72985.35714285714,5500.0,115,204,42,6.776785714285714,7.714285714285714,0.08689917368196454,低活跃度
A570,216,0.008379563176475152,0,6.37962962962963,6.037808641975309,6.208719135802469,6545.625,78616.94444444444,5500.0,128,176,54,6.37962962962963,7.24537037037037,0.08379563176475152,低活跃度
P202,199,0.007720060519067385,0,6.683417085427136,6.436348408710217,6.559882747068677,6251.256281407035,76035.17587939698,5500.0,77,178,33,6.683417085427136,7.723618090452261,0.07720060519067386,低活跃度
C168,162,0.006284672382356364,0,6.679012345679013,6.388888888888889,6.533950617283951,5673.263888888889,68282.87037037036,5000.0,97,146,50,6.679012345679013,7.666666666666667,0.06284672382356364,低活跃度
I254,141,0.005469992629087947,0,6.907801418439717,6.430260047281323,6.66903073286052,9275.124113475178,111400.78014184398,8000.0,99,128,46,6.907801418439717,7.716312056737588,0.05469992629087947,低活跃度
Z181,138,0.005353609807192458,0,6.695652173913044,6.256038647342995,6.475845410628019,6201.630434782609,74709.42028985507,5250.0,74,136,40,6.695652173913044,7.507246376811594,0.05353609807192458,低活跃度
J879,136,0.005276021259262133,0,6.529411764705882,5.992647058823529,6.261029411764706,7141.681985294118,85700.18382352941,5500.0,77,114,35,6.529411764705882,7.1911764705882355,0.05276021259262133,低活跃度
D005,124,0.00481048997168018,0,6.82258064516129,6.525537634408602,6.674059139784947,5828.024193548387,70198.3870967742,5250.0,77,112,35,6.82258064516129,7.830645161290323,0.048104899716801805,低活跃度
V411,119,0.004616518601854367,0,6.764705882352941,6.1834733893557425,6.474089635854342,7626.911764705882,91522.94117647059,6500.0,84,108,36,6.764705882352941,7.420168067226891,0.046165186018543664,低活跃度
D016,119,0.004616518601854367,0,6.571428571428571,6.120448179271709,6.34593837535014,7298.539915966387,87889.20168067227,6000.0,68,105,39,6.571428571428571,7.34453781512605,0.046165186018543664,低活跃度
J844,71,0.002754393451526555,0,6.873239436619718,6.302816901408451,6.588028169014085,6239.43661971831,74873.23943661971,6000.0,53,66,30,6.873239436619718,7.563380281690141,0.027543934515265548,低活跃度
D178,67,0.0025992163556659035,0,6.462686567164179,6.181592039800996,6.322139303482587,7553.675373134329,90838.13432835821,6500.0,44,64,21,6.462686567164179,7.417910447761194,0.025992163556659037,低活跃度
J450,64,0.0024828335337704153,0,7.1875,7.747395833333334,7.467447916666667,18569.47265625,229575.859375,14250.0,45,64,27,7.1875,9.296875,0.024828335337704153,低活跃度
U585,61,0.0023664507118749275,0,5.934426229508197,5.040983606557377,5.487704918032787,9192.909836065573,116216.55737704918,7500.0,48,50,7,5.934426229508197,6.049180327868853,0.023664507118749276,低活跃度
H637,50,0.001939713698258137,0,6.64,6.116666666666666,6.378333333333334,8676.125,104273.5,5500.0,33,46,24,6.64,7.34,0.019397136982581373,低活跃度
M732,37,0.0014353881367110215,0,6.621621621621622,5.945945945945946,6.283783783783784,7972.972972972973,96081.08108108108,6500.0,31,37,21,6.621621621621622,7.135135135135135,0.014353881367110216,低活跃度
B249,28,0.0010862396710245568,0,6.714285714285714,5.982142857142857,6.348214285714286,7428.571428571428,89857.14285714286,6250.0,18,27,16,6.714285714285714,7.178571428571429,0.010862396710245567,低活跃度
G762,20,0.0007758854793032549,0,6.95,6.541666666666667,6.745833333333333,8442.625,101311.5,6750.0,14,20,11,6.95,7.85,0.007758854793032548,低活跃度
Z530,19,0.0007370912053380921,0,6.052631578947368,6.140350877192983,6.0964912280701755,6124.934210526316,73893.94736842105,5500.0,11,19,10,6.052631578947368,7.368421052631579,0.007370912053380921,低活跃度
C155,12,0.0004655312875819529,0,6.0,5.763888888888889,5.881944444444444,13333.333333333334,160708.33333333334,11250.0,11,12,9,6.0,6.916666666666667,0.004655312875819529,低活跃度
